recordKind,chapterId,silkOrder,line,position,originalCharacter,finalCharacter,auditCategory,wasModified,modifiedFields,reason,referenceScope,requiresImageReview,possibleAlternatives,remainingUncertainty,confidence
"addition","38","1","5","2","义","义","received-text-contamination","false","","当前校补与传世参照对齐，但仓库没有可逐字验证的甲本释文或乙本图版证据，无法证明它不是由传世本回填；保留原字并进入图版复核队列。","silkA | receivedReference","true","","需要核对帛书乙本原始图版、高清摹本或权威释文。","review-required"
"addition","38","1","10","7","其","其","received-text-contamination","false","","当前校补与传世参照对齐，但仓库没有可逐字验证的甲本释文或乙本图版证据，无法证明它不是由传世本回填；保留原字并进入图版复核队列。","silkA | receivedReference","true","","需要核对帛书乙本原始图版、高清摹本或权威释文。","review-required"
"addition","38","1","10","8","厚","厚","received-text-contamination","false","","当前校补与传世参照对齐，但仓库没有可逐字验证的甲本释文或乙本图版证据，无法证明它不是由传世本回填；保留原字并进入图版复核队列。","silkA | receivedReference","true","","需要核对帛书乙本原始图版、高清摹本或权威释文。","review-required"
"addition","38","1","10","9","而","而","insufficient-evidence","false","","当前字无法与传世参照可靠对齐，仓库也没有逐字甲本释文或原始图版；需要核对帛书乙本原始图版、高清摹本或权威释文。","silkA | receivedReference","true","","需要核对帛书乙本原始图版、高清摹本或权威释文。","review-required"
"addition","38","1","10","10","不","不","received-text-contamination","false","","当前校补与传世参照对齐，但仓库没有可逐字验证的甲本释文或乙本图版证据，无法证明它不是由传世本回填；保留原字并进入图版复核队列。","silkA | receivedReference","true","","需要核对帛书乙本原始图版、高清摹本或权威释文。","review-required"
"addition","39","2","1","2","之","之","received-text-contamination","false","","当前校补与传世参照对齐，但仓库没有可逐字验证的甲本释文或乙本图版证据，无法证明它不是由传世本回填；保留原字并进入图版复核队列。","silkA | receivedReference","true","","需要核对帛书乙本原始图版、高清摹本或权威释文。","review-required"
"addition","39","2","1","24","以","以","received-text-contamination","false","","当前校补与传世参照对齐，但仓库没有可逐字验证的甲本释文或乙本图版证据，无法证明它不是由传世本回填；保留原字并进入图版复核队列。","silkA | receivedReference","true","","需要核对帛书乙本原始图版、高清摹本或权威释文。","review-required"
"addition","39","2","1","30","而","而","insufficient-evidence","false","","当前字无法与传世参照可靠对齐，仓库也没有逐字甲本释文或原始图版；需要核对帛书乙本原始图版、高清摹本或权威释文。","silkA | receivedReference","true","","需要核对帛书乙本原始图版、高清摹本或权威释文。","review-required"
"addition","39","2","2","2","致","致","received-text-contamination","false","","当前校补与传世参照对齐，但仓库没有可逐字验证的甲本释文或乙本图版证据，无法证明它不是由传世本回填；保留原字并进入图版复核队列。","silkA | receivedReference","true","","需要核对帛书乙本原始图版、高清摹本或权威释文。","review-required"
"addition","39","2","2","12","裂","裂","received-text-contamination","false","","当前校补与传世参照对齐，但仓库没有可逐字验证的甲本释文或乙本图版证据，无法证明它不是由传世本回填；保留原字并进入图版复核队列。","silkA | receivedReference","true","","需要核对帛书乙本原始图版、高清摹本或权威释文。","review-required"
"addition","39","2","3","8","发","发","received-text-contamination","false","","当前校补与传世参照对齐，但仓库没有可逐字验证的甲本释文或乙本图版证据，无法证明它不是由传世本回填；保留原字并进入图版复核队列。","silkA | receivedReference","true","","需要核对帛书乙本原始图版、高清摹本或权威释文。","review-required"
"addition","39","2","4","4","已","已","conflicting-witnesses","false","","当前校补“已”与传世参照对齐字“以”不同；仓库没有足够逐字证据裁决，不能自动择一。","silkA | receivedReference","true","以","需要核对帛书乙本原始图版、高清摹本或权威释文。","review-required"
"addition","39","2","4","5","灵","灵","received-text-contamination","false","","当前校补与传世参照对齐，但仓库没有可逐字验证的甲本释文或乙本图版证据，无法证明它不是由传世本回填；保留原字并进入图版复核队列。","silkA | receivedReference","true","","需要核对帛书乙本原始图版、高清摹本或权威释文。","review-required"
"addition","39","2","4","6","将","将","received-text-contamination","false","","当前校补与传世参照对齐，但仓库没有可逐字验证的甲本释文或乙本图版证据，无法证明它不是由传世本回填；保留原字并进入图版复核队列。","silkA | receivedReference","true","","需要核对帛书乙本原始图版、高清摹本或权威释文。","review-required"
"addition","39","2","5","1","谓","谓","insufficient-evidence","false","","当前字无法与传世参照可靠对齐，仓库也没有逐字甲本释文或原始图版；需要核对帛书乙本原始图版、高清摹本或权威释文。","silkA | receivedReference","true","","需要核对帛书乙本原始图版、高清摹本或权威释文。","review-required"
"addition","39","2","5","5","盈","盈","received-text-contamination","false","","当前校补与传世参照对齐，但仓库没有可逐字验证的甲本释文或乙本图版证据，无法证明它不是由传世本回填；保留原字并进入图版复核队列。","silkA | receivedReference","true","","需要核对帛书乙本原始图版、高清摹本或权威释文。","review-required"
"addition","39","2","5","6","将","将","received-text-contamination","false","","当前校补与传世参照对齐，但仓库没有可逐字验证的甲本释文或乙本图版证据，无法证明它不是由传世本回填；保留原字并进入图版复核队列。","silkA | receivedReference","true","","需要核对帛书乙本原始图版、高清摹本或权威释文。","review-required"
"addition","39","2","5","7","恐","恐","received-text-contamination","false","","当前校补与传世参照对齐，但仓库没有可逐字验证的甲本释文或乙本图版证据，无法证明它不是由传世本回填；保留原字并进入图版复核队列。","silkA | receivedReference","true","","需要核对帛书乙本原始图版、高清摹本或权威释文。","review-required"
"addition","39","2","7","3","贵","贵","received-text-contamination","false","","当前校补与传世参照对齐，但仓库没有可逐字验证的甲本释文或乙本图版证据，无法证明它不是由传世本回填；保留原字并进入图版复核队列。","silkA | receivedReference","true","","需要核对帛书乙本原始图版、高清摹本或权威释文。","review-required"
"addition","39","2","11","5","禄","禄","conflicting-witnesses","false","","当前校补“禄”与传世参照对齐字“琭”不同；仓库没有足够逐字证据裁决，不能自动择一。","silkA | receivedReference","true","琭","需要核对帛书乙本原始图版、高清摹本或权威释文。","review-required"
"addition","39","2","11","9","硌","硌","conflicting-witnesses","false","","当前校补“硌”与传世参照对齐字“珞”不同；仓库没有足够逐字证据裁决，不能自动择一。","silkA | receivedReference","true","珞","需要核对帛书乙本原始图版、高清摹本或权威释文。","review-required"
"addition","41","3","1","2","士","士","received-text-contamination","false","","当前校补与传世参照对齐，但仓库没有可逐字验证的甲本释文或乙本图版证据，无法证明它不是由传世本回填；保留原字并进入图版复核队列。","silkA | receivedReference","true","","需要核对帛书乙本原始图版、高清摹本或权威释文。","review-required"
"addition","41","3","1","3","闻","闻","received-text-contamination","false","","当前校补与传世参照对齐，但仓库没有可逐字验证的甲本释文或乙本图版证据，无法证明它不是由传世本回填；保留原字并进入图版复核队列。","silkA | receivedReference","true","","需要核对帛书乙本原始图版、高清摹本或权威释文。","review-required"
"addition","41","3","4","3","不","不","received-text-contamination","false","","当前校补与传世参照对齐，但仓库没有可逐字验证的甲本释文或乙本图版证据，无法证明它不是由传世本回填；保留原字并进入图版复核队列。","silkA | receivedReference","true","","需要核对帛书乙本原始图版、高清摹本或权威释文。","review-required"
"addition","41","3","4","4","足","足","received-text-contamination","false","","当前校补与传世参照对齐，但仓库没有可逐字验证的甲本释文或乙本图版证据，无法证明它不是由传世本回填；保留原字并进入图版复核队列。","silkA | receivedReference","true","","需要核对帛书乙本原始图版、高清摹本或权威释文。","review-required"
"addition","41","3","7","4","偷","偷","received-text-contamination","false","","当前校补与传世参照对齐，但仓库没有可逐字验证的甲本释文或乙本图版证据，无法证明它不是由传世本回填；保留原字并进入图版复核队列。","silkA | receivedReference","true","","需要核对帛书乙本原始图版、高清摹本或权威释文。","review-required"
"addition","41","3","7","6","真","真","received-text-contamination","false","","当前校补与传世参照对齐，但仓库没有可逐字验证的甲本释文或乙本图版证据，无法证明它不是由传世本回填；保留原字并进入图版复核队列。","silkA | receivedReference","true","","需要核对帛书乙本原始图版、高清摹本或权威释文。","review-required"
"addition","41","3","7","7","如","如","conflicting-witnesses","false","","当前校补“如”与传世参照对齐字“若”不同；仓库没有足够逐字证据裁决，不能自动择一。","silkA | receivedReference","true","若","需要核对帛书乙本原始图版、高清摹本或权威释文。","review-required"
"addition","41","3","7","8","渝","渝","received-text-contamination","false","","当前校补与传世参照对齐，但仓库没有可逐字验证的甲本释文或乙本图版证据，无法证明它不是由传世本回填；保留原字并进入图版复核队列。","silkA | receivedReference","true","","需要核对帛书乙本原始图版、高清摹本或权威释文。","review-required"
"addition","40","4","2","1","弱","弱","received-text-contamination","false","","当前校补与传世参照对齐，但仓库没有可逐字验证的甲本释文或乙本图版证据，无法证明它不是由传世本回填；保留原字并进入图版复核队列。","silkA | receivedReference","true","","需要核对帛书乙本原始图版、高清摹本或权威释文。","review-required"
"addition","40","4","2","2","也","也","insufficient-evidence","false","","当前字无法与传世参照可靠对齐，仓库也没有逐字甲本释文或原始图版；需要核对帛书乙本原始图版、高清摹本或权威释文。","silkA | receivedReference","true","","需要核对帛书乙本原始图版、高清摹本或权威释文。","review-required"
"addition","40","4","3","9","生","生","received-text-contamination","false","","当前校补与传世参照对齐，但仓库没有可逐字验证的甲本释文或乙本图版证据，无法证明它不是由传世本回填；保留原字并进入图版复核队列。","silkA | receivedReference","true","","需要核对帛书乙本原始图版、高清摹本或权威释文。","review-required"
"addition","42","5","1","12","万","万","received-text-contamination","false","","当前校补与传世参照对齐，但仓库没有可逐字验证的甲本释文或乙本图版证据，无法证明它不是由传世本回填；保留原字并进入图版复核队列。","silkA | receivedReference","true","","需要核对帛书乙本原始图版、高清摹本或权威释文。","review-required"
"addition","42","5","1","13","物","物","received-text-contamination","false","","当前校补与传世参照对齐，但仓库没有可逐字验证的甲本释文或乙本图版证据，无法证明它不是由传世本回填；保留原字并进入图版复核队列。","silkA | receivedReference","true","","需要核对帛书乙本原始图版、高清摹本或权威释文。","review-required"
"addition","42","5","2","1","万","万","received-text-contamination","false","","当前校补与传世参照对齐，但仓库没有可逐字验证的甲本释文或乙本图版证据，无法证明它不是由传世本回填；保留原字并进入图版复核队列。","silkA | receivedReference","true","","需要核对帛书乙本原始图版、高清摹本或权威释文。","review-required"
"addition","42","5","2","2","物","物","received-text-contamination","false","","当前校补与传世参照对齐，但仓库没有可逐字验证的甲本释文或乙本图版证据，无法证明它不是由传世本回填；保留原字并进入图版复核队列。","silkA | receivedReference","true","","需要核对帛书乙本原始图版、高清摹本或权威释文。","review-required"
"addition","42","5","2","3","负","负","received-text-contamination","false","","当前校补与传世参照对齐，但仓库没有可逐字验证的甲本释文或乙本图版证据，无法证明它不是由传世本回填；保留原字并进入图版复核队列。","silkA | receivedReference","true","","需要核对帛书乙本原始图版、高清摹本或权威释文。","review-required"
"addition","42","5","2","4","阴","阴","received-text-contamination","false","","当前校补与传世参照对齐，但仓库没有可逐字验证的甲本释文或乙本图版证据，无法证明它不是由传世本回填；保留原字并进入图版复核队列。","silkA | receivedReference","true","","需要核对帛书乙本原始图版、高清摹本或权威释文。","review-required"
"addition","42","5","2","5","而","而","received-text-contamination","false","","当前校补与传世参照对齐，但仓库没有可逐字验证的甲本释文或乙本图版证据，无法证明它不是由传世本回填；保留原字并进入图版复核队列。","silkA | receivedReference","true","","需要核对帛书乙本原始图版、高清摹本或权威释文。","review-required"
"addition","42","5","2","6","抱","抱","received-text-contamination","false","","当前校补与传世参照对齐，但仓库没有可逐字验证的甲本释文或乙本图版证据，无法证明它不是由传世本回填；保留原字并进入图版复核队列。","silkA | receivedReference","true","","需要核对帛书乙本原始图版、高清摹本或权威释文。","review-required"
"addition","42","5","2","7","阳","阳","received-text-contamination","false","","当前校补与传世参照对齐，但仓库没有可逐字验证的甲本释文或乙本图版证据，无法证明它不是由传世本回填；保留原字并进入图版复核队列。","silkA | receivedReference","true","","需要核对帛书乙本原始图版、高清摹本或权威释文。","review-required"
"addition","42","5","2","8","中","中","conflicting-witnesses","false","","当前校补“中”与传世参照对齐字“冲”不同；仓库没有足够逐字证据裁决，不能自动择一。","silkA | receivedReference","true","冲","需要核对帛书乙本原始图版、高清摹本或权威释文。","review-required"
"addition","42","5","2","9","气","气","received-text-contamination","false","","当前校补与传世参照对齐，但仓库没有可逐字验证的甲本释文或乙本图版证据，无法证明它不是由传世本回填；保留原字并进入图版复核队列。","silkA | receivedReference","true","","需要核对帛书乙本原始图版、高清摹本或权威释文。","review-required"
"addition","42","5","3","15","名","名","conflicting-witnesses","false","","当前校补“名”与传世参照对齐字“称”不同；仓库没有足够逐字证据裁决，不能自动择一。","silkA | receivedReference","true","称","需要核对帛书乙本原始图版、高清摹本或权威释文。","review-required"
"addition","42","5","3","16","也","也","conflicting-witnesses","false","","当前校补“也”与传世参照对齐字“故”不同；仓库没有足够逐字证据裁决，不能自动择一。","silkA | receivedReference","true","故","需要核对帛书乙本原始图版、高清摹本或权威释文。","review-required"
"addition","42","5","4","1","物","物","received-text-contamination","false","","当前校补与传世参照对齐，但仓库没有可逐字验证的甲本释文或乙本图版证据，无法证明它不是由传世本回填；保留原字并进入图版复核队列。","silkA | receivedReference","true","","需要核对帛书乙本原始图版、高清摹本或权威释文。","review-required"
"addition","42","5","4","2","或","或","received-text-contamination","false","","当前校补与传世参照对齐，但仓库没有可逐字验证的甲本释文或乙本图版证据，无法证明它不是由传世本回填；保留原字并进入图版复核队列。","silkA | receivedReference","true","","需要核对帛书乙本原始图版、高清摹本或权威释文。","review-required"
"addition","42","5","4","3","损","损","received-text-contamination","false","","当前校补与传世参照对齐，但仓库没有可逐字验证的甲本释文或乙本图版证据，无法证明它不是由传世本回填；保留原字并进入图版复核队列。","silkA | receivedReference","true","","需要核对帛书乙本原始图版、高清摹本或权威释文。","review-required"
"addition","42","5","4","4","之","之","received-text-contamination","false","","当前校补与传世参照对齐，但仓库没有可逐字验证的甲本释文或乙本图版证据，无法证明它不是由传世本回填；保留原字并进入图版复核队列。","silkA | receivedReference","true","","需要核对帛书乙本原始图版、高清摹本或权威释文。","review-required"
"addition","42","5","4","5","而","而","received-text-contamination","false","","当前校补与传世参照对齐，但仓库没有可逐字验证的甲本释文或乙本图版证据，无法证明它不是由传世本回填；保留原字并进入图版复核队列。","silkA | receivedReference","true","","需要核对帛书乙本原始图版、高清摹本或权威释文。","review-required"
"addition","42","5","4","10","损","损","received-text-contamination","false","","当前校补与传世参照对齐，但仓库没有可逐字验证的甲本释文或乙本图版证据，无法证明它不是由传世本回填；保留原字并进入图版复核队列。","silkA | receivedReference","true","","需要核对帛书乙本原始图版、高清摹本或权威释文。","review-required"
"addition","42","5","5","2","人","人","received-text-contamination","false","","当前校补与传世参照对齐，但仓库没有可逐字验证的甲本释文或乙本图版证据，无法证明它不是由传世本回填；保留原字并进入图版复核队列。","silkA | receivedReference","true","","需要核对帛书乙本原始图版、高清摹本或权威释文。","review-required"
"addition","42","5","5","3","之","之","received-text-contamination","false","","当前校补与传世参照对齐，但仓库没有可逐字验证的甲本释文或乙本图版证据，无法证明它不是由传世本回填；保留原字并进入图版复核队列。","silkA | receivedReference","true","","需要核对帛书乙本原始图版、高清摹本或权威释文。","review-required"
"addition","42","5","5","4","所","所","received-text-contamination","false","","当前校补与传世参照对齐，但仓库没有可逐字验证的甲本释文或乙本图版证据，无法证明它不是由传世本回填；保留原字并进入图版复核队列。","silkA | receivedReference","true","","需要核对帛书乙本原始图版、高清摹本或权威释文。","review-required"
"addition","42","5","5","5","教","教","received-text-contamination","false","","当前校补与传世参照对齐，但仓库没有可逐字验证的甲本释文或乙本图版证据，无法证明它不是由传世本回填；保留原字并进入图版复核队列。","silkA | receivedReference","true","","需要核对帛书乙本原始图版、高清摹本或权威释文。","review-required"
"addition","42","5","5","6","亦","亦","received-text-contamination","false","","当前校补与传世参照对齐，但仓库没有可逐字验证的甲本释文或乙本图版证据，无法证明它不是由传世本回填；保留原字并进入图版复核队列。","silkA | receivedReference","true","","需要核对帛书乙本原始图版、高清摹本或权威释文。","review-required"
"addition","42","5","5","7","议","议","conflicting-witnesses","false","","当前校补“议”与传世参照对齐字“我”不同；仓库没有足够逐字证据裁决，不能自动择一。","silkA | receivedReference","true","我","需要核对帛书乙本原始图版、高清摹本或权威释文。","review-required"
"addition","42","5","5","8","而","而","conflicting-witnesses","false","","当前校补“而”与传世参照对齐字“义”不同；仓库没有足够逐字证据裁决，不能自动择一。","silkA | receivedReference","true","义","需要核对帛书乙本原始图版、高清摹本或权威释文。","review-required"
"addition","42","5","5","9","教","教","received-text-contamination","false","","当前校补与传世参照对齐，但仓库没有可逐字验证的甲本释文或乙本图版证据，无法证明它不是由传世本回填；保留原字并进入图版复核队列。","silkA | receivedReference","true","","需要核对帛书乙本原始图版、高清摹本或权威释文。","review-required"
"addition","42","5","5","10","人","人","conflicting-witnesses","false","","当前校补“人”与传世参照对齐字“之”不同；仓库没有足够逐字证据裁决，不能自动择一。","silkA | receivedReference","true","之","需要核对帛书乙本原始图版、高清摹本或权威释文。","review-required"
"addition","42","5","6","1","故","故","insufficient-evidence","false","","当前字无法与传世参照可靠对齐，仓库也没有逐字甲本释文或原始图版；需要核对帛书乙本原始图版、高清摹本或权威释文。","silkA | receivedReference","true","","需要核对帛书乙本原始图版、高清摹本或权威释文。","review-required"
"addition","42","5","6","2","强","强","received-text-contamination","false","","当前校补与传世参照对齐，但仓库没有可逐字验证的甲本释文或乙本图版证据，无法证明它不是由传世本回填；保留原字并进入图版复核队列。","silkA | receivedReference","true","","需要核对帛书乙本原始图版、高清摹本或权威释文。","review-required"
"addition","42","5","6","3","梁","梁","received-text-contamination","false","","当前校补与传世参照对齐，但仓库没有可逐字验证的甲本释文或乙本图版证据，无法证明它不是由传世本回填；保留原字并进入图版复核队列。","silkA | receivedReference","true","","需要核对帛书乙本原始图版、高清摹本或权威释文。","review-required"
"addition","42","5","6","4","者","者","received-text-contamination","false","","当前校补与传世参照对齐，但仓库没有可逐字验证的甲本释文或乙本图版证据，无法证明它不是由传世本回填；保留原字并进入图版复核队列。","silkA | receivedReference","true","","需要核对帛书乙本原始图版、高清摹本或权威释文。","review-required"
"addition","42","5","6","5","不","不","received-text-contamination","false","","当前校补与传世参照对齐，但仓库没有可逐字验证的甲本释文或乙本图版证据，无法证明它不是由传世本回填；保留原字并进入图版复核队列。","silkA | receivedReference","true","","需要核对帛书乙本原始图版、高清摹本或权威释文。","review-required"
"addition","42","5","6","6","得","得","received-text-contamination","false","","当前校补与传世参照对齐，但仓库没有可逐字验证的甲本释文或乙本图版证据，无法证明它不是由传世本回填；保留原字并进入图版复核队列。","silkA | receivedReference","true","","需要核对帛书乙本原始图版、高清摹本或权威释文。","review-required"
"addition","42","5","6","7","死","死","received-text-contamination","false","","当前校补与传世参照对齐，但仓库没有可逐字验证的甲本释文或乙本图版证据，无法证明它不是由传世本回填；保留原字并进入图版复核队列。","silkA | receivedReference","true","","需要核对帛书乙本原始图版、高清摹本或权威释文。","review-required"
"addition","42","5","6","11","为","为","received-text-contamination","false","","当前校补与传世参照对齐，但仓库没有可逐字验证的甲本释文或乙本图版证据，无法证明它不是由传世本回填；保留原字并进入图版复核队列。","silkA | receivedReference","true","","需要核对帛书乙本原始图版、高清摹本或权威释文。","review-required"
"addition","42","5","6","12","学","学","conflicting-witnesses","false","","当前校补“学”与传世参照对齐字“教”不同；仓库没有足够逐字证据裁决，不能自动择一。","silkA | receivedReference","true","教","需要核对帛书乙本原始图版、高清摹本或权威释文。","review-required"
"addition","43","6","1","5","柔","柔","received-text-contamination","false","","当前校补与传世参照对齐，但仓库没有可逐字验证的甲本释文或乙本图版证据，无法证明它不是由传世本回填；保留原字并进入图版复核队列。","silkA | receivedReference","true","","需要核对帛书乙本原始图版、高清摹本或权威释文。","review-required"
"addition","43","6","1","11","之","之","received-text-contamination","false","","当前校补与传世参照对齐，但仓库没有可逐字验证的甲本释文或乙本图版证据，无法证明它不是由传世本回填；保留原字并进入图版复核队列。","silkA | receivedReference","true","","需要核对帛书乙本原始图版、高清摹本或权威释文。","review-required"
"addition","43","6","1","12","至","至","received-text-contamination","false","","当前校补与传世参照对齐，但仓库没有可逐字验证的甲本释文或乙本图版证据，无法证明它不是由传世本回填；保留原字并进入图版复核队列。","silkA | receivedReference","true","","需要核对帛书乙本原始图版、高清摹本或权威释文。","review-required"
"addition","43","6","1","13","坚","坚","received-text-contamination","false","","当前校补与传世参照对齐，但仓库没有可逐字验证的甲本释文或乙本图版证据，无法证明它不是由传世本回填；保留原字并进入图版复核队列。","silkA | receivedReference","true","","需要核对帛书乙本原始图版、高清摹本或权威释文。","review-required"
"addition","43","6","2","1","无","无","received-text-contamination","false","","当前校补与传世参照对齐，但仓库没有可逐字验证的甲本释文或乙本图版证据，无法证明它不是由传世本回填；保留原字并进入图版复核队列。","silkA | receivedReference","true","","需要核对帛书乙本原始图版、高清摹本或权威释文。","review-required"
"addition","43","6","2","2","有","有","received-text-contamination","false","","当前校补与传世参照对齐，但仓库没有可逐字验证的甲本释文或乙本图版证据，无法证明它不是由传世本回填；保留原字并进入图版复核队列。","silkA | receivedReference","true","","需要核对帛书乙本原始图版、高清摹本或权威释文。","review-required"
"addition","43","6","2","3","入","入","received-text-contamination","false","","当前校补与传世参照对齐，但仓库没有可逐字验证的甲本释文或乙本图版证据，无法证明它不是由传世本回填；保留原字并进入图版复核队列。","silkA | receivedReference","true","","需要核对帛书乙本原始图版、高清摹本或权威释文。","review-required"
"addition","43","6","2","4","于","于","conflicting-witnesses","false","","当前校补“于”与传世参照对齐字“於”不同；仓库没有足够逐字证据裁决，不能自动择一。","silkA | receivedReference","true","於","需要核对帛书乙本原始图版、高清摹本或权威释文。","review-required"
"addition","43","6","2","5","无","无","received-text-contamination","false","","当前校补与传世参照对齐，但仓库没有可逐字验证的甲本释文或乙本图版证据，无法证明它不是由传世本回填；保留原字并进入图版复核队列。","silkA | receivedReference","true","","需要核对帛书乙本原始图版、高清摹本或权威释文。","review-required"
"addition","43","6","2","6","间","间","received-text-contamination","false","","当前校补与传世参照对齐，但仓库没有可逐字验证的甲本释文或乙本图版证据，无法证明它不是由传世本回填；保留原字并进入图版复核队列。","silkA | receivedReference","true","","需要核对帛书乙本原始图版、高清摹本或权威释文。","review-required"
"addition","43","6","2","10","知","知","received-text-contamination","false","","当前校补与传世参照对齐，但仓库没有可逐字验证的甲本释文或乙本图版证据，无法证明它不是由传世本回填；保留原字并进入图版复核队列。","silkA | receivedReference","true","","需要核对帛书乙本原始图版、高清摹本或权威释文。","review-required"
"addition","43","6","2","11","无","无","received-text-contamination","false","","当前校补与传世参照对齐，但仓库没有可逐字验证的甲本释文或乙本图版证据，无法证明它不是由传世本回填；保留原字并进入图版复核队列。","silkA | receivedReference","true","","需要核对帛书乙本原始图版、高清摹本或权威释文。","review-required"
"addition","43","6","2","12","为","为","received-text-contamination","false","","当前校补与传世参照对齐，但仓库没有可逐字验证的甲本释文或乙本图版证据，无法证明它不是由传世本回填；保留原字并进入图版复核队列。","silkA | receivedReference","true","","需要核对帛书乙本原始图版、高清摹本或权威释文。","review-required"
"addition","43","6","2","13","之","之","received-text-contamination","false","","当前校补与传世参照对齐，但仓库没有可逐字验证的甲本释文或乙本图版证据，无法证明它不是由传世本回填；保留原字并进入图版复核队列。","silkA | receivedReference","true","","需要核对帛书乙本原始图版、高清摹本或权威释文。","review-required"
"addition","43","6","2","14","有","有","received-text-contamination","false","","当前校补与传世参照对齐，但仓库没有可逐字验证的甲本释文或乙本图版证据，无法证明它不是由传世本回填；保留原字并进入图版复核队列。","silkA | receivedReference","true","","需要核对帛书乙本原始图版、高清摹本或权威释文。","review-required"
"addition","43","6","2","15","益","益","received-text-contamination","false","","当前校补与传世参照对齐，但仓库没有可逐字验证的甲本释文或乙本图版证据，无法证明它不是由传世本回填；保留原字并进入图版复核队列。","silkA | receivedReference","true","","需要核对帛书乙本原始图版、高清摹本或权威释文。","review-required"
"addition","43","6","3","2","言","言","received-text-contamination","false","","当前校补与传世参照对齐，但仓库没有可逐字验证的甲本释文或乙本图版证据，无法证明它不是由传世本回填；保留原字并进入图版复核队列。","silkA | receivedReference","true","","需要核对帛书乙本原始图版、高清摹本或权威释文。","review-required"
"addition","43","6","3","3","之","之","received-text-contamination","false","","当前校补与传世参照对齐，但仓库没有可逐字验证的甲本释文或乙本图版证据，无法证明它不是由传世本回填；保留原字并进入图版复核队列。","silkA | receivedReference","true","","需要核对帛书乙本原始图版、高清摹本或权威释文。","review-required"
"addition","43","6","3","4","教","教","received-text-contamination","false","","当前校补与传世参照对齐，但仓库没有可逐字验证的甲本释文或乙本图版证据，无法证明它不是由传世本回填；保留原字并进入图版复核队列。","silkA | receivedReference","true","","需要核对帛书乙本原始图版、高清摹本或权威释文。","review-required"
"addition","43","6","3","5","无","无","received-text-contamination","false","","当前校补与传世参照对齐，但仓库没有可逐字验证的甲本释文或乙本图版证据，无法证明它不是由传世本回填；保留原字并进入图版复核队列。","silkA | receivedReference","true","","需要核对帛书乙本原始图版、高清摹本或权威释文。","review-required"
"addition","43","6","3","6","为","为","received-text-contamination","false","","当前校补与传世参照对齐，但仓库没有可逐字验证的甲本释文或乙本图版证据，无法证明它不是由传世本回填；保留原字并进入图版复核队列。","silkA | receivedReference","true","","需要核对帛书乙本原始图版、高清摹本或权威释文。","review-required"
"addition","43","6","3","7","之","之","received-text-contamination","false","","当前校补与传世参照对齐，但仓库没有可逐字验证的甲本释文或乙本图版证据，无法证明它不是由传世本回填；保留原字并进入图版复核队列。","silkA | receivedReference","true","","需要核对帛书乙本原始图版、高清摹本或权威释文。","review-required"
"addition","43","6","3","8","益","益","received-text-contamination","false","","当前校补与传世参照对齐，但仓库没有可逐字验证的甲本释文或乙本图版证据，无法证明它不是由传世本回填；保留原字并进入图版复核队列。","silkA | receivedReference","true","","需要核对帛书乙本原始图版、高清摹本或权威释文。","review-required"
"addition","43","6","3","9","天","天","received-text-contamination","false","","当前校补与传世参照对齐，但仓库没有可逐字验证的甲本释文或乙本图版证据，无法证明它不是由传世本回填；保留原字并进入图版复核队列。","silkA | receivedReference","true","","需要核对帛书乙本原始图版、高清摹本或权威释文。","review-required"
"addition","43","6","3","10","下","下","received-text-contamination","false","","当前校补与传世参照对齐，但仓库没有可逐字验证的甲本释文或乙本图版证据，无法证明它不是由传世本回填；保留原字并进入图版复核队列。","silkA | receivedReference","true","","需要核对帛书乙本原始图版、高清摹本或权威释文。","review-required"
"addition","43","6","3","11","希","希","received-text-contamination","false","","当前校补与传世参照对齐，但仓库没有可逐字验证的甲本释文或乙本图版证据，无法证明它不是由传世本回填；保留原字并进入图版复核队列。","silkA | receivedReference","true","","需要核对帛书乙本原始图版、高清摹本或权威释文。","review-required"
"addition","43","6","3","12","能","能","insufficient-evidence","false","","当前字无法与传世参照可靠对齐，仓库也没有逐字甲本释文或原始图版；需要核对帛书乙本原始图版、高清摹本或权威释文。","silkA | receivedReference","true","","需要核对帛书乙本原始图版、高清摹本或权威释文。","review-required"
"addition","43","6","3","13","及","及","received-text-contamination","false","","当前校补与传世参照对齐，但仓库没有可逐字验证的甲本释文或乙本图版证据，无法证明它不是由传世本回填；保留原字并进入图版复核队列。","silkA | receivedReference","true","","需要核对帛书乙本原始图版、高清摹本或权威释文。","review-required"
"addition","43","6","3","14","之","之","received-text-contamination","false","","当前校补与传世参照对齐，但仓库没有可逐字验证的甲本释文或乙本图版证据，无法证明它不是由传世本回填；保留原字并进入图版复核队列。","silkA | receivedReference","true","","需要核对帛书乙本原始图版、高清摹本或权威释文。","review-required"
"addition","44","7","1","2","与","与","received-text-contamination","false","","当前校补与传世参照对齐，但仓库没有可逐字验证的甲本释文或乙本图版证据，无法证明它不是由传世本回填；保留原字并进入图版复核队列。","silkA | receivedReference","true","","需要核对帛书乙本原始图版、高清摹本或权威释文。","review-required"
"addition","44","7","1","3","身","身","received-text-contamination","false","","当前校补与传世参照对齐，但仓库没有可逐字验证的甲本释文或乙本图版证据，无法证明它不是由传世本回填；保留原字并进入图版复核队列。","silkA | receivedReference","true","","需要核对帛书乙本原始图版、高清摹本或权威释文。","review-required"
"addition","44","7","1","4","孰","孰","received-text-contamination","false","","当前校补与传世参照对齐，但仓库没有可逐字验证的甲本释文或乙本图版证据，无法证明它不是由传世本回填；保留原字并进入图版复核队列。","silkA | receivedReference","true","","需要核对帛书乙本原始图版、高清摹本或权威释文。","review-required"
"addition","44","7","1","5","亲","亲","received-text-contamination","false","","当前校补与传世参照对齐，但仓库没有可逐字验证的甲本释文或乙本图版证据，无法证明它不是由传世本回填；保留原字并进入图版复核队列。","silkA | receivedReference","true","","需要核对帛书乙本原始图版、高清摹本或权威释文。","review-required"
"addition","44","7","2","1","身","身","received-text-contamination","false","","当前校补与传世参照对齐，但仓库没有可逐字验证的甲本释文或乙本图版证据，无法证明它不是由传世本回填；保留原字并进入图版复核队列。","silkA | receivedReference","true","","需要核对帛书乙本原始图版、高清摹本或权威释文。","review-required"
"addition","44","7","2","2","与","与","received-text-contamination","false","","当前校补与传世参照对齐，但仓库没有可逐字验证的甲本释文或乙本图版证据，无法证明它不是由传世本回填；保留原字并进入图版复核队列。","silkA | receivedReference","true","","需要核对帛书乙本原始图版、高清摹本或权威释文。","review-required"
"addition","44","7","2","3","货","货","received-text-contamination","false","","当前校补与传世参照对齐，但仓库没有可逐字验证的甲本释文或乙本图版证据，无法证明它不是由传世本回填；保留原字并进入图版复核队列。","silkA | receivedReference","true","","需要核对帛书乙本原始图版、高清摹本或权威释文。","review-required"
"addition","44","7","2","4","孰","孰","received-text-contamination","false","","当前校补与传世参照对齐，但仓库没有可逐字验证的甲本释文或乙本图版证据，无法证明它不是由传世本回填；保留原字并进入图版复核队列。","silkA | receivedReference","true","","需要核对帛书乙本原始图版、高清摹本或权威释文。","review-required"
"addition","44","7","2","5","多","多","received-text-contamination","false","","当前校补与传世参照对齐，但仓库没有可逐字验证的甲本释文或乙本图版证据，无法证明它不是由传世本回填；保留原字并进入图版复核队列。","silkA | receivedReference","true","","需要核对帛书乙本原始图版、高清摹本或权威释文。","review-required"
"addition","44","7","3","1","得","得","received-text-contamination","false","","当前校补与传世参照对齐，但仓库没有可逐字验证的甲本释文或乙本图版证据，无法证明它不是由传世本回填；保留原字并进入图版复核队列。","silkA | receivedReference","true","","需要核对帛书乙本原始图版、高清摹本或权威释文。","review-required"
"addition","44","7","3","2","与","与","received-text-contamination","false","","当前校补与传世参照对齐，但仓库没有可逐字验证的甲本释文或乙本图版证据，无法证明它不是由传世本回填；保留原字并进入图版复核队列。","silkA | receivedReference","true","","需要核对帛书乙本原始图版、高清摹本或权威释文。","review-required"
"addition","44","7","3","3","亡","亡","received-text-contamination","false","","当前校补与传世参照对齐，但仓库没有可逐字验证的甲本释文或乙本图版证据，无法证明它不是由传世本回填；保留原字并进入图版复核队列。","silkA | receivedReference","true","","需要核对帛书乙本原始图版、高清摹本或权威释文。","review-required"
"addition","44","7","3","4","孰","孰","received-text-contamination","false","","当前校补与传世参照对齐，但仓库没有可逐字验证的甲本释文或乙本图版证据，无法证明它不是由传世本回填；保留原字并进入图版复核队列。","silkA | receivedReference","true","","需要核对帛书乙本原始图版、高清摹本或权威释文。","review-required"
"addition","44","7","3","5","病","病","received-text-contamination","false","","当前校补与传世参照对齐，但仓库没有可逐字验证的甲本释文或乙本图版证据，无法证明它不是由传世本回填；保留原字并进入图版复核队列。","silkA | receivedReference","true","","需要核对帛书乙本原始图版、高清摹本或权威释文。","review-required"
"addition","44","7","4","1","甚","甚","received-text-contamination","false","","当前校补与传世参照对齐，但仓库没有可逐字验证的甲本释文或乙本图版证据，无法证明它不是由传世本回填；保留原字并进入图版复核队列。","silkA | receivedReference","true","","需要核对帛书乙本原始图版、高清摹本或权威释文。","review-required"
"addition","44","7","4","2","爱","爱","received-text-contamination","false","","当前校补与传世参照对齐，但仓库没有可逐字验证的甲本释文或乙本图版证据，无法证明它不是由传世本回填；保留原字并进入图版复核队列。","silkA | receivedReference","true","","需要核对帛书乙本原始图版、高清摹本或权威释文。","review-required"
"addition","44","7","4","3","必","必","received-text-contamination","false","","当前校补与传世参照对齐，但仓库没有可逐字验证的甲本释文或乙本图版证据，无法证明它不是由传世本回填；保留原字并进入图版复核队列。","silkA | receivedReference","true","","需要核对帛书乙本原始图版、高清摹本或权威释文。","review-required"
"addition","44","7","4","4","大","大","received-text-contamination","false","","当前校补与传世参照对齐，但仓库没有可逐字验证的甲本释文或乙本图版证据，无法证明它不是由传世本回填；保留原字并进入图版复核队列。","silkA | receivedReference","true","","需要核对帛书乙本原始图版、高清摹本或权威释文。","review-required"
"addition","44","7","4","5","费","费","received-text-contamination","false","","当前校补与传世参照对齐，但仓库没有可逐字验证的甲本释文或乙本图版证据，无法证明它不是由传世本回填；保留原字并进入图版复核队列。","silkA | receivedReference","true","","需要核对帛书乙本原始图版、高清摹本或权威释文。","review-required"
"addition","44","7","4","6","多","多","received-text-contamination","false","","当前校补与传世参照对齐，但仓库没有可逐字验证的甲本释文或乙本图版证据，无法证明它不是由传世本回填；保留原字并进入图版复核队列。","silkA | receivedReference","true","","需要核对帛书乙本原始图版、高清摹本或权威释文。","review-required"
"addition","44","7","4","7","藏","藏","received-text-contamination","false","","当前校补与传世参照对齐，但仓库没有可逐字验证的甲本释文或乙本图版证据，无法证明它不是由传世本回填；保留原字并进入图版复核队列。","silkA | receivedReference","true","","需要核对帛书乙本原始图版、高清摹本或权威释文。","review-required"
"addition","44","7","4","8","必","必","received-text-contamination","false","","当前校补与传世参照对齐，但仓库没有可逐字验证的甲本释文或乙本图版证据，无法证明它不是由传世本回填；保留原字并进入图版复核队列。","silkA | receivedReference","true","","需要核对帛书乙本原始图版、高清摹本或权威释文。","review-required"
"addition","44","7","4","9","厚","厚","received-text-contamination","false","","当前校补与传世参照对齐，但仓库没有可逐字验证的甲本释文或乙本图版证据，无法证明它不是由传世本回填；保留原字并进入图版复核队列。","silkA | receivedReference","true","","需要核对帛书乙本原始图版、高清摹本或权威释文。","review-required"
"addition","44","7","4","10","亡","亡","received-text-contamination","false","","当前校补与传世参照对齐，但仓库没有可逐字验证的甲本释文或乙本图版证据，无法证明它不是由传世本回填；保留原字并进入图版复核队列。","silkA | receivedReference","true","","需要核对帛书乙本原始图版、高清摹本或权威释文。","review-required"
"addition","44","7","5","1","故","故","insufficient-evidence","false","","当前字无法与传世参照可靠对齐，仓库也没有逐字甲本释文或原始图版；需要核对帛书乙本原始图版、高清摹本或权威释文。","silkA | receivedReference","true","","需要核对帛书乙本原始图版、高清摹本或权威释文。","review-required"
"addition","44","7","5","2","知","知","received-text-contamination","false","","当前校补与传世参照对齐，但仓库没有可逐字验证的甲本释文或乙本图版证据，无法证明它不是由传世本回填；保留原字并进入图版复核队列。","silkA | receivedReference","true","","需要核对帛书乙本原始图版、高清摹本或权威释文。","review-required"
"addition","44","7","5","3","足","足","received-text-contamination","false","","当前校补与传世参照对齐，但仓库没有可逐字验证的甲本释文或乙本图版证据，无法证明它不是由传世本回填；保留原字并进入图版复核队列。","silkA | receivedReference","true","","需要核对帛书乙本原始图版、高清摹本或权威释文。","review-required"
"addition","44","7","5","4","不","不","received-text-contamination","false","","当前校补与传世参照对齐，但仓库没有可逐字验证的甲本释文或乙本图版证据，无法证明它不是由传世本回填；保留原字并进入图版复核队列。","silkA | receivedReference","true","","需要核对帛书乙本原始图版、高清摹本或权威释文。","review-required"
"addition","44","7","5","5","辱","辱","received-text-contamination","false","","当前校补与传世参照对齐，但仓库没有可逐字验证的甲本释文或乙本图版证据，无法证明它不是由传世本回填；保留原字并进入图版复核队列。","silkA | receivedReference","true","","需要核对帛书乙本原始图版、高清摹本或权威释文。","review-required"
"addition","44","7","5","6","知","知","received-text-contamination","false","","当前校补与传世参照对齐，但仓库没有可逐字验证的甲本释文或乙本图版证据，无法证明它不是由传世本回填；保留原字并进入图版复核队列。","silkA | receivedReference","true","","需要核对帛书乙本原始图版、高清摹本或权威释文。","review-required"
"addition","44","7","5","7","止","止","received-text-contamination","false","","当前校补与传世参照对齐，但仓库没有可逐字验证的甲本释文或乙本图版证据，无法证明它不是由传世本回填；保留原字并进入图版复核队列。","silkA | receivedReference","true","","需要核对帛书乙本原始图版、高清摹本或权威释文。","review-required"
"addition","44","7","5","8","不","不","received-text-contamination","false","","当前校补与传世参照对齐，但仓库没有可逐字验证的甲本释文或乙本图版证据，无法证明它不是由传世本回填；保留原字并进入图版复核队列。","silkA | receivedReference","true","","需要核对帛书乙本原始图版、高清摹本或权威释文。","review-required"
"addition","44","7","5","9","殆","殆","received-text-contamination","false","","当前校补与传世参照对齐，但仓库没有可逐字验证的甲本释文或乙本图版证据，无法证明它不是由传世本回填；保留原字并进入图版复核队列。","silkA | receivedReference","true","","需要核对帛书乙本原始图版、高清摹本或权威释文。","review-required"
"addition","44","7","5","10","可","可","received-text-contamination","false","","当前校补与传世参照对齐，但仓库没有可逐字验证的甲本释文或乙本图版证据，无法证明它不是由传世本回填；保留原字并进入图版复核队列。","silkA | receivedReference","true","","需要核对帛书乙本原始图版、高清摹本或权威释文。","review-required"
"addition","44","7","5","11","以","以","received-text-contamination","false","","当前校补与传世参照对齐，但仓库没有可逐字验证的甲本释文或乙本图版证据，无法证明它不是由传世本回填；保留原字并进入图版复核队列。","silkA | receivedReference","true","","需要核对帛书乙本原始图版、高清摹本或权威释文。","review-required"
"addition","44","7","5","12","长","长","received-text-contamination","false","","当前校补与传世参照对齐，但仓库没有可逐字验证的甲本释文或乙本图版证据，无法证明它不是由传世本回填；保留原字并进入图版复核队列。","silkA | receivedReference","true","","需要核对帛书乙本原始图版、高清摹本或权威释文。","review-required"
"addition","44","7","5","13","久","久","received-text-contamination","false","","当前校补与传世参照对齐，但仓库没有可逐字验证的甲本释文或乙本图版证据，无法证明它不是由传世本回填；保留原字并进入图版复核队列。","silkA | receivedReference","true","","需要核对帛书乙本原始图版、高清摹本或权威释文。","review-required"
"addition","45","8","1","1","大","大","received-text-contamination","false","","当前校补与传世参照对齐，但仓库没有可逐字验证的甲本释文或乙本图版证据，无法证明它不是由传世本回填；保留原字并进入图版复核队列。","silkA | receivedReference","true","","需要核对帛书乙本原始图版、高清摹本或权威释文。","review-required"
"addition","45","8","1","2","成","成","received-text-contamination","false","","当前校补与传世参照对齐，但仓库没有可逐字验证的甲本释文或乙本图版证据，无法证明它不是由传世本回填；保留原字并进入图版复核队列。","silkA | receivedReference","true","","需要核对帛书乙本原始图版、高清摹本或权威释文。","review-required"
"addition","45","8","1","3","若","若","received-text-contamination","false","","当前校补与传世参照对齐，但仓库没有可逐字验证的甲本释文或乙本图版证据，无法证明它不是由传世本回填；保留原字并进入图版复核队列。","silkA | receivedReference","true","","需要核对帛书乙本原始图版、高清摹本或权威释文。","review-required"
"addition","45","8","1","4","缺","缺","received-text-contamination","false","","当前校补与传世参照对齐，但仓库没有可逐字验证的甲本释文或乙本图版证据，无法证明它不是由传世本回填；保留原字并进入图版复核队列。","silkA | receivedReference","true","","需要核对帛书乙本原始图版、高清摹本或权威释文。","review-required"
"addition","45","8","1","5","其","其","received-text-contamination","false","","当前校补与传世参照对齐，但仓库没有可逐字验证的甲本释文或乙本图版证据，无法证明它不是由传世本回填；保留原字并进入图版复核队列。","silkA | receivedReference","true","","需要核对帛书乙本原始图版、高清摹本或权威释文。","review-required"
"addition","45","8","1","6","用","用","received-text-contamination","false","","当前校补与传世参照对齐，但仓库没有可逐字验证的甲本释文或乙本图版证据，无法证明它不是由传世本回填；保留原字并进入图版复核队列。","silkA | receivedReference","true","","需要核对帛书乙本原始图版、高清摹本或权威释文。","review-required"
"addition","45","8","1","7","不","不","received-text-contamination","false","","当前校补与传世参照对齐，但仓库没有可逐字验证的甲本释文或乙本图版证据，无法证明它不是由传世本回填；保留原字并进入图版复核队列。","silkA | receivedReference","true","","需要核对帛书乙本原始图版、高清摹本或权威释文。","review-required"
"addition","45","8","1","8","敝","敝","received-text-contamination","false","","当前校补与传世参照对齐，但仓库没有可逐字验证的甲本释文或乙本图版证据，无法证明它不是由传世本回填；保留原字并进入图版复核队列。","silkA | receivedReference","true","","需要核对帛书乙本原始图版、高清摹本或权威释文。","review-required"
"addition","45","8","2","1","大","大","received-text-contamination","false","","当前校补与传世参照对齐，但仓库没有可逐字验证的甲本释文或乙本图版证据，无法证明它不是由传世本回填；保留原字并进入图版复核队列。","silkA | receivedReference","true","","需要核对帛书乙本原始图版、高清摹本或权威释文。","review-required"
"addition","45","8","2","6","用","用","received-text-contamination","false","","当前校补与传世参照对齐，但仓库没有可逐字验证的甲本释文或乙本图版证据，无法证明它不是由传世本回填；保留原字并进入图版复核队列。","silkA | receivedReference","true","","需要核对帛书乙本原始图版、高清摹本或权威释文。","review-required"
"addition","45","8","2","7","不","不","received-text-contamination","false","","当前校补与传世参照对齐，但仓库没有可逐字验证的甲本释文或乙本图版证据，无法证明它不是由传世本回填；保留原字并进入图版复核队列。","silkA | receivedReference","true","","需要核对帛书乙本原始图版、高清摹本或权威释文。","review-required"
"addition","45","8","2","8","穷","穷","received-text-contamination","false","","当前校补与传世参照对齐，但仓库没有可逐字验证的甲本释文或乙本图版证据，无法证明它不是由传世本回填；保留原字并进入图版复核队列。","silkA | receivedReference","true","","需要核对帛书乙本原始图版、高清摹本或权威释文。","review-required"
"addition","45","8","3","1","大","大","received-text-contamination","false","","当前校补与传世参照对齐，但仓库没有可逐字验证的甲本释文或乙本图版证据，无法证明它不是由传世本回填；保留原字并进入图版复核队列。","silkA | receivedReference","true","","需要核对帛书乙本原始图版、高清摹本或权威释文。","review-required"
"addition","45","8","3","2","直","直","received-text-contamination","false","","当前校补与传世参照对齐，但仓库没有可逐字验证的甲本释文或乙本图版证据，无法证明它不是由传世本回填；保留原字并进入图版复核队列。","silkA | receivedReference","true","","需要核对帛书乙本原始图版、高清摹本或权威释文。","review-required"
"addition","45","8","3","3","如","如","conflicting-witnesses","false","","当前校补“如”与传世参照对齐字“若”不同；仓库没有足够逐字证据裁决，不能自动择一。","silkA | receivedReference","true","若","需要核对帛书乙本原始图版、高清摹本或权威释文。","review-required"
"addition","45","8","3","4","屈","屈","received-text-contamination","false","","当前校补与传世参照对齐，但仓库没有可逐字验证的甲本释文或乙本图版证据，无法证明它不是由传世本回填；保留原字并进入图版复核队列。","silkA | receivedReference","true","","需要核对帛书乙本原始图版、高清摹本或权威释文。","review-required"
"addition","45","8","3","5","大","大","received-text-contamination","false","","当前校补与传世参照对齐，但仓库没有可逐字验证的甲本释文或乙本图版证据，无法证明它不是由传世本回填；保留原字并进入图版复核队列。","silkA | receivedReference","true","","需要核对帛书乙本原始图版、高清摹本或权威释文。","review-required"
"addition","45","8","3","6","巧","巧","received-text-contamination","false","","当前校补与传世参照对齐，但仓库没有可逐字验证的甲本释文或乙本图版证据，无法证明它不是由传世本回填；保留原字并进入图版复核队列。","silkA | receivedReference","true","","需要核对帛书乙本原始图版、高清摹本或权威释文。","review-required"
"addition","45","8","3","7","如","如","conflicting-witnesses","false","","当前校补“如”与传世参照对齐字“若”不同；仓库没有足够逐字证据裁决，不能自动择一。","silkA | receivedReference","true","若","需要核对帛书乙本原始图版、高清摹本或权威释文。","review-required"
"addition","45","8","3","8","拙","拙","received-text-contamination","false","","当前校补与传世参照对齐，但仓库没有可逐字验证的甲本释文或乙本图版证据，无法证明它不是由传世本回填；保留原字并进入图版复核队列。","silkA | receivedReference","true","","需要核对帛书乙本原始图版、高清摹本或权威释文。","review-required"
"addition","45","8","3","9","大","大","received-text-contamination","false","","当前校补与传世参照对齐，但仓库没有可逐字验证的甲本释文或乙本图版证据，无法证明它不是由传世本回填；保留原字并进入图版复核队列。","silkA | receivedReference","true","","需要核对帛书乙本原始图版、高清摹本或权威释文。","review-required"
"addition","45","8","3","12","绌","绌","conflicting-witnesses","false","","当前校补“绌”与传世参照对齐字“讷”不同；仓库没有足够逐字证据裁决，不能自动择一。","silkA | receivedReference","true","讷","需要核对帛书乙本原始图版、高清摹本或权威释文。","review-required"
"addition","45","8","4","1","躁","躁","received-text-contamination","false","","当前校补与传世参照对齐，但仓库没有可逐字验证的甲本释文或乙本图版证据，无法证明它不是由传世本回填；保留原字并进入图版复核队列。","silkA | receivedReference","true","","需要核对帛书乙本原始图版、高清摹本或权威释文。","review-required"
"addition","45","8","4","2","胜","胜","received-text-contamination","false","","当前校补与传世参照对齐，但仓库没有可逐字验证的甲本释文或乙本图版证据，无法证明它不是由传世本回填；保留原字并进入图版复核队列。","silkA | receivedReference","true","","需要核对帛书乙本原始图版、高清摹本或权威释文。","review-required"
"addition","45","8","4","4","静","静","received-text-contamination","false","","当前校补与传世参照对齐，但仓库没有可逐字验证的甲本释文或乙本图版证据，无法证明它不是由传世本回填；保留原字并进入图版复核队列。","silkA | receivedReference","true","","需要核对帛书乙本原始图版、高清摹本或权威释文。","review-required"
"addition","45","8","4","5","胜","胜","received-text-contamination","false","","当前校补与传世参照对齐，但仓库没有可逐字验证的甲本释文或乙本图版证据，无法证明它不是由传世本回填；保留原字并进入图版复核队列。","silkA | receivedReference","true","","需要核对帛书乙本原始图版、高清摹本或权威释文。","review-required"
"addition","45","8","4","6","热","热","received-text-contamination","false","","当前校补与传世参照对齐，但仓库没有可逐字验证的甲本释文或乙本图版证据，无法证明它不是由传世本回填；保留原字并进入图版复核队列。","silkA | receivedReference","true","","需要核对帛书乙本原始图版、高清摹本或权威释文。","review-required"
"addition","45","8","4","7","清","清","received-text-contamination","false","","当前校补与传世参照对齐，但仓库没有可逐字验证的甲本释文或乙本图版证据，无法证明它不是由传世本回填；保留原字并进入图版复核队列。","silkA | receivedReference","true","","需要核对帛书乙本原始图版、高清摹本或权威释文。","review-required"
"addition","45","8","4","8","静","静","received-text-contamination","false","","当前校补与传世参照对齐，但仓库没有可逐字验证的甲本释文或乙本图版证据，无法证明它不是由传世本回填；保留原字并进入图版复核队列。","silkA | receivedReference","true","","需要核对帛书乙本原始图版、高清摹本或权威释文。","review-required"
"addition","45","8","4","9","可","可","insufficient-evidence","false","","当前字无法与传世参照可靠对齐，仓库也没有逐字甲本释文或原始图版；需要核对帛书乙本原始图版、高清摹本或权威释文。","silkA | receivedReference","true","","需要核对帛书乙本原始图版、高清摹本或权威释文。","review-required"
"addition","45","8","4","10","以","以","insufficient-evidence","false","","当前字无法与传世参照可靠对齐，仓库也没有逐字甲本释文或原始图版；需要核对帛书乙本原始图版、高清摹本或权威释文。","silkA | receivedReference","true","","需要核对帛书乙本原始图版、高清摹本或权威释文。","review-required"
"addition","45","8","4","11","为","为","received-text-contamination","false","","当前校补与传世参照对齐，但仓库没有可逐字验证的甲本释文或乙本图版证据，无法证明它不是由传世本回填；保留原字并进入图版复核队列。","silkA | receivedReference","true","","需要核对帛书乙本原始图版、高清摹本或权威释文。","review-required"
"addition","45","8","4","12","天","天","received-text-contamination","false","","当前校补与传世参照对齐，但仓库没有可逐字验证的甲本释文或乙本图版证据，无法证明它不是由传世本回填；保留原字并进入图版复核队列。","silkA | receivedReference","true","","需要核对帛书乙本原始图版、高清摹本或权威释文。","review-required"
"addition","45","8","4","13","下","下","received-text-contamination","false","","当前校补与传世参照对齐，但仓库没有可逐字验证的甲本释文或乙本图版证据，无法证明它不是由传世本回填；保留原字并进入图版复核队列。","silkA | receivedReference","true","","需要核对帛书乙本原始图版、高清摹本或权威释文。","review-required"
"addition","45","8","4","14","正","正","received-text-contamination","false","","当前校补与传世参照对齐，但仓库没有可逐字验证的甲本释文或乙本图版证据，无法证明它不是由传世本回填；保留原字并进入图版复核队列。","silkA | receivedReference","true","","需要核对帛书乙本原始图版、高清摹本或权威释文。","review-required"
"addition","46","9","1","1","天","天","received-text-contamination","false","","当前校补与传世参照对齐，但仓库没有可逐字验证的甲本释文或乙本图版证据，无法证明它不是由传世本回填；保留原字并进入图版复核队列。","silkA | receivedReference","true","","需要核对帛书乙本原始图版、高清摹本或权威释文。","review-required"
"addition","46","9","1","2","下","下","received-text-contamination","false","","当前校补与传世参照对齐，但仓库没有可逐字验证的甲本释文或乙本图版证据，无法证明它不是由传世本回填；保留原字并进入图版复核队列。","silkA | receivedReference","true","","需要核对帛书乙本原始图版、高清摹本或权威释文。","review-required"
"addition","46","9","1","3","有","有","received-text-contamination","false","","当前校补与传世参照对齐，但仓库没有可逐字验证的甲本释文或乙本图版证据，无法证明它不是由传世本回填；保留原字并进入图版复核队列。","silkA | receivedReference","true","","需要核对帛书乙本原始图版、高清摹本或权威释文。","review-required"
"addition","46","9","1","7","马","马","received-text-contamination","false","","当前校补与传世参照对齐，但仓库没有可逐字验证的甲本释文或乙本图版证据，无法证明它不是由传世本回填；保留原字并进入图版复核队列。","silkA | receivedReference","true","","需要核对帛书乙本原始图版、高清摹本或权威释文。","review-required"
"addition","46","9","1","8","以","以","received-text-contamination","false","","当前校补与传世参照对齐，但仓库没有可逐字验证的甲本释文或乙本图版证据，无法证明它不是由传世本回填；保留原字并进入图版复核队列。","silkA | receivedReference","true","","需要核对帛书乙本原始图版、高清摹本或权威释文。","review-required"
"addition","46","9","2","1","天","天","received-text-contamination","false","","当前校补与传世参照对齐，但仓库没有可逐字验证的甲本释文或乙本图版证据，无法证明它不是由传世本回填；保留原字并进入图版复核队列。","silkA | receivedReference","true","","需要核对帛书乙本原始图版、高清摹本或权威释文。","review-required"
"addition","46","9","3","4","于","于","conflicting-witnesses","false","","当前校补“于”与传世参照对齐字“於”不同；仓库没有足够逐字证据裁决，不能自动择一。","silkA | receivedReference","true","於","需要核对帛书乙本原始图版、高清摹本或权威释文。","review-required"
"addition","46","9","3","8","莫","莫","received-text-contamination","false","","当前校补与传世参照对齐，但仓库没有可逐字验证的甲本释文或乙本图版证据，无法证明它不是由传世本回填；保留原字并进入图版复核队列。","silkA | receivedReference","true","","需要核对帛书乙本原始图版、高清摹本或权威释文。","review-required"
"addition","46","9","3","9","大","大","received-text-contamination","false","","当前校补与传世参照对齐，但仓库没有可逐字验证的甲本释文或乙本图版证据，无法证明它不是由传世本回填；保留原字并进入图版复核队列。","silkA | receivedReference","true","","需要核对帛书乙本原始图版、高清摹本或权威释文。","review-required"
"addition","46","9","3","10","于","于","conflicting-witnesses","false","","当前校补“于”与传世参照对齐字“於”不同；仓库没有足够逐字证据裁决，不能自动择一。","silkA | receivedReference","true","於","需要核对帛书乙本原始图版、高清摹本或权威释文。","review-required"
"addition","46","9","3","11","不","不","received-text-contamination","false","","当前校补与传世参照对齐，但仓库没有可逐字验证的甲本释文或乙本图版证据，无法证明它不是由传世本回填；保留原字并进入图版复核队列。","silkA | receivedReference","true","","需要核对帛书乙本原始图版、高清摹本或权威释文。","review-required"
"addition","46","9","3","12","知","知","received-text-contamination","false","","当前校补与传世参照对齐，但仓库没有可逐字验证的甲本释文或乙本图版证据，无法证明它不是由传世本回填；保留原字并进入图版复核队列。","silkA | receivedReference","true","","需要核对帛书乙本原始图版、高清摹本或权威释文。","review-required"
"addition","46","9","3","13","足","足","received-text-contamination","false","","当前校补与传世参照对齐，但仓库没有可逐字验证的甲本释文或乙本图版证据，无法证明它不是由传世本回填；保留原字并进入图版复核队列。","silkA | receivedReference","true","","需要核对帛书乙本原始图版、高清摹本或权威释文。","review-required"
"addition","46","9","3","14","咎","咎","received-text-contamination","false","","当前校补与传世参照对齐，但仓库没有可逐字验证的甲本释文或乙本图版证据，无法证明它不是由传世本回填；保留原字并进入图版复核队列。","silkA | receivedReference","true","","需要核对帛书乙本原始图版、高清摹本或权威释文。","review-required"
"addition","46","9","3","15","莫","莫","received-text-contamination","false","","当前校补与传世参照对齐，但仓库没有可逐字验证的甲本释文或乙本图版证据，无法证明它不是由传世本回填；保留原字并进入图版复核队列。","silkA | receivedReference","true","","需要核对帛书乙本原始图版、高清摹本或权威释文。","review-required"
"addition","46","9","3","16","憯","憯","conflicting-witnesses","false","","当前校补“憯”与传世参照对齐字“大”不同；仓库没有足够逐字证据裁决，不能自动择一。","silkA | receivedReference","true","大","需要核对帛书乙本原始图版、高清摹本或权威释文。","review-required"
"addition","46","9","3","17","于","于","conflicting-witnesses","false","","当前校补“于”与传世参照对齐字“於”不同；仓库没有足够逐字证据裁决，不能自动择一。","silkA | receivedReference","true","於","需要核对帛书乙本原始图版、高清摹本或权威释文。","review-required"
"addition","46","9","3","18","欲","欲","received-text-contamination","false","","当前校补与传世参照对齐，但仓库没有可逐字验证的甲本释文或乙本图版证据，无法证明它不是由传世本回填；保留原字并进入图版复核队列。","silkA | receivedReference","true","","需要核对帛书乙本原始图版、高清摹本或权威释文。","review-required"
"addition","46","9","3","19","得","得","received-text-contamination","false","","当前校补与传世参照对齐，但仓库没有可逐字验证的甲本释文或乙本图版证据，无法证明它不是由传世本回填；保留原字并进入图版复核队列。","silkA | receivedReference","true","","需要核对帛书乙本原始图版、高清摹本或权威释文。","review-required"
"addition","46","9","4","1","故","故","received-text-contamination","false","","当前校补与传世参照对齐，但仓库没有可逐字验证的甲本释文或乙本图版证据，无法证明它不是由传世本回填；保留原字并进入图版复核队列。","silkA | receivedReference","true","","需要核对帛书乙本原始图版、高清摹本或权威释文。","review-required"
"addition","46","9","4","2","知","知","received-text-contamination","false","","当前校补与传世参照对齐，但仓库没有可逐字验证的甲本释文或乙本图版证据，无法证明它不是由传世本回填；保留原字并进入图版复核队列。","silkA | receivedReference","true","","需要核对帛书乙本原始图版、高清摹本或权威释文。","review-required"
"addition","46","9","4","3","足","足","received-text-contamination","false","","当前校补与传世参照对齐，但仓库没有可逐字验证的甲本释文或乙本图版证据，无法证明它不是由传世本回填；保留原字并进入图版复核队列。","silkA | receivedReference","true","","需要核对帛书乙本原始图版、高清摹本或权威释文。","review-required"
"addition","46","9","4","4","之","之","received-text-contamination","false","","当前校补与传世参照对齐，但仓库没有可逐字验证的甲本释文或乙本图版证据，无法证明它不是由传世本回填；保留原字并进入图版复核队列。","silkA | receivedReference","true","","需要核对帛书乙本原始图版、高清摹本或权威释文。","review-required"
"addition","46","9","4","5","足","足","received-text-contamination","false","","当前校补与传世参照对齐，但仓库没有可逐字验证的甲本释文或乙本图版证据，无法证明它不是由传世本回填；保留原字并进入图版复核队列。","silkA | receivedReference","true","","需要核对帛书乙本原始图版、高清摹本或权威释文。","review-required"
"addition","46","9","4","6","恒","恒","conflicting-witnesses","false","","当前校补“恒”与传世参照对齐字“常”不同；仓库没有足够逐字证据裁决，不能自动择一。","silkA | receivedReference","true","常","需要核对帛书乙本原始图版、高清摹本或权威释文。","review-required"
"addition","47","10","2","4","牖","牖","received-text-contamination","false","","当前校补与传世参照对齐，但仓库没有可逐字验证的甲本释文或乙本图版证据，无法证明它不是由传世本回填；保留原字并进入图版复核队列。","silkA | receivedReference","true","","需要核对帛书乙本原始图版、高清摹本或权威释文。","review-required"
"addition","47","10","2","5","以","以","insufficient-evidence","false","","当前字无法与传世参照可靠对齐，仓库也没有逐字甲本释文或原始图版；需要核对帛书乙本原始图版、高清摹本或权威释文。","silkA | receivedReference","true","","需要核对帛书乙本原始图版、高清摹本或权威释文。","review-required"
"addition","47","10","3","9","少","少","received-text-contamination","false","","当前校补与传世参照对齐，但仓库没有可逐字验证的甲本释文或乙本图版证据，无法证明它不是由传世本回填；保留原字并进入图版复核队列。","silkA | receivedReference","true","","需要核对帛书乙本原始图版、高清摹本或权威释文。","review-required"
"addition","47","10","4","1","是","是","received-text-contamination","false","","当前校补与传世参照对齐，但仓库没有可逐字验证的甲本释文或乙本图版证据，无法证明它不是由传世本回填；保留原字并进入图版复核队列。","silkA | receivedReference","true","","需要核对帛书乙本原始图版、高清摹本或权威释文。","review-required"
"addition","47","10","4","2","以","以","received-text-contamination","false","","当前校补与传世参照对齐，但仓库没有可逐字验证的甲本释文或乙本图版证据，无法证明它不是由传世本回填；保留原字并进入图版复核队列。","silkA | receivedReference","true","","需要核对帛书乙本原始图版、高清摹本或权威释文。","review-required"
"addition","47","10","4","3","圣","圣","received-text-contamination","false","","当前校补与传世参照对齐，但仓库没有可逐字验证的甲本释文或乙本图版证据，无法证明它不是由传世本回填；保留原字并进入图版复核队列。","silkA | receivedReference","true","","需要核对帛书乙本原始图版、高清摹本或权威释文。","review-required"
"addition","47","10","4","4","人","人","received-text-contamination","false","","当前校补与传世参照对齐，但仓库没有可逐字验证的甲本释文或乙本图版证据，无法证明它不是由传世本回填；保留原字并进入图版复核队列。","silkA | receivedReference","true","","需要核对帛书乙本原始图版、高清摹本或权威释文。","review-required"
"addition","47","10","4","5","不","不","received-text-contamination","false","","当前校补与传世参照对齐，但仓库没有可逐字验证的甲本释文或乙本图版证据，无法证明它不是由传世本回填；保留原字并进入图版复核队列。","silkA | receivedReference","true","","需要核对帛书乙本原始图版、高清摹本或权威释文。","review-required"
"addition","47","10","4","6","行","行","received-text-contamination","false","","当前校补与传世参照对齐，但仓库没有可逐字验证的甲本释文或乙本图版证据，无法证明它不是由传世本回填；保留原字并进入图版复核队列。","silkA | receivedReference","true","","需要核对帛书乙本原始图版、高清摹本或权威释文。","review-required"
"addition","47","10","4","7","而","而","received-text-contamination","false","","当前校补与传世参照对齐，但仓库没有可逐字验证的甲本释文或乙本图版证据，无法证明它不是由传世本回填；保留原字并进入图版复核队列。","silkA | receivedReference","true","","需要核对帛书乙本原始图版、高清摹本或权威释文。","review-required"
"addition","47","10","4","8","知","知","received-text-contamination","false","","当前校补与传世参照对齐，但仓库没有可逐字验证的甲本释文或乙本图版证据，无法证明它不是由传世本回填；保留原字并进入图版复核队列。","silkA | receivedReference","true","","需要核对帛书乙本原始图版、高清摹本或权威释文。","review-required"
"addition","47","10","4","9","不","不","received-text-contamination","false","","当前校补与传世参照对齐，但仓库没有可逐字验证的甲本释文或乙本图版证据，无法证明它不是由传世本回填；保留原字并进入图版复核队列。","silkA | receivedReference","true","","需要核对帛书乙本原始图版、高清摹本或权威释文。","review-required"
"addition","47","10","4","10","见","见","received-text-contamination","false","","当前校补与传世参照对齐，但仓库没有可逐字验证的甲本释文或乙本图版证据，无法证明它不是由传世本回填；保留原字并进入图版复核队列。","silkA | receivedReference","true","","需要核对帛书乙本原始图版、高清摹本或权威释文。","review-required"
"addition","48","11","2","7","于","于","conflicting-witnesses","false","","当前校补“于”与传世参照对齐字“於”不同；仓库没有足够逐字证据裁决，不能自动择一。","silkA | receivedReference","true","於","需要核对帛书乙本原始图版、高清摹本或权威释文。","review-required"
"addition","48","11","2","8","无","无","received-text-contamination","false","","当前校补与传世参照对齐，但仓库没有可逐字验证的甲本释文或乙本图版证据，无法证明它不是由传世本回填；保留原字并进入图版复核队列。","silkA | receivedReference","true","","需要核对帛书乙本原始图版、高清摹本或权威释文。","review-required"
"addition","48","11","2","9","为","为","received-text-contamination","false","","当前校补与传世参照对齐，但仓库没有可逐字验证的甲本释文或乙本图版证据，无法证明它不是由传世本回填；保留原字并进入图版复核队列。","silkA | receivedReference","true","","需要核对帛书乙本原始图版、高清摹本或权威释文。","review-required"
"addition","48","11","2","10","无","无","received-text-contamination","false","","当前校补与传世参照对齐，但仓库没有可逐字验证的甲本释文或乙本图版证据，无法证明它不是由传世本回填；保留原字并进入图版复核队列。","silkA | receivedReference","true","","需要核对帛书乙本原始图版、高清摹本或权威释文。","review-required"
"addition","48","11","2","11","为","为","received-text-contamination","false","","当前校补与传世参照对齐，但仓库没有可逐字验证的甲本释文或乙本图版证据，无法证明它不是由传世本回填；保留原字并进入图版复核队列。","silkA | receivedReference","true","","需要核对帛书乙本原始图版、高清摹本或权威释文。","review-required"
"addition","48","11","2","12","而","而","received-text-contamination","false","","当前校补与传世参照对齐，但仓库没有可逐字验证的甲本释文或乙本图版证据，无法证明它不是由传世本回填；保留原字并进入图版复核队列。","silkA | receivedReference","true","","需要核对帛书乙本原始图版、高清摹本或权威释文。","review-required"
"addition","48","11","2","13","无","无","received-text-contamination","false","","当前校补与传世参照对齐，但仓库没有可逐字验证的甲本释文或乙本图版证据，无法证明它不是由传世本回填；保留原字并进入图版复核队列。","silkA | receivedReference","true","","需要核对帛书乙本原始图版、高清摹本或权威释文。","review-required"
"addition","48","11","2","14","不","不","received-text-contamination","false","","当前校补与传世参照对齐，但仓库没有可逐字验证的甲本释文或乙本图版证据，无法证明它不是由传世本回填；保留原字并进入图版复核队列。","silkA | receivedReference","true","","需要核对帛书乙本原始图版、高清摹本或权威释文。","review-required"
"addition","48","11","2","15","为","为","received-text-contamination","false","","当前校补与传世参照对齐，但仓库没有可逐字验证的甲本释文或乙本图版证据，无法证明它不是由传世本回填；保留原字并进入图版复核队列。","silkA | receivedReference","true","","需要核对帛书乙本原始图版、高清摹本或权威释文。","review-required"
"addition","48","11","3","4","也","也","conflicting-witnesses","false","","当前校补“也”与传世参照对齐字“常”不同；仓库没有足够逐字证据裁决，不能自动择一。","silkA | receivedReference","true","常","需要核对帛书乙本原始图版、高清摹本或权威释文。","review-required"
"addition","48","11","4","6","不","不","received-text-contamination","false","","当前校补与传世参照对齐，但仓库没有可逐字验证的甲本释文或乙本图版证据，无法证明它不是由传世本回填；保留原字并进入图版复核队列。","silkA | receivedReference","true","","需要核对帛书乙本原始图版、高清摹本或权威释文。","review-required"
"addition","48","11","4","11","下","下","received-text-contamination","false","","当前校补与传世参照对齐，但仓库没有可逐字验证的甲本释文或乙本图版证据，无法证明它不是由传世本回填；保留原字并进入图版复核队列。","silkA | receivedReference","true","","需要核对帛书乙本原始图版、高清摹本或权威释文。","review-required"
"addition","49","12","1","1","圣","圣","received-text-contamination","false","","当前校补与传世参照对齐，但仓库没有可逐字验证的甲本释文或乙本图版证据，无法证明它不是由传世本回填；保留原字并进入图版复核队列。","silkA | receivedReference","true","","需要核对帛书乙本原始图版、高清摹本或权威释文。","review-required"
"addition","49","12","2","2","者","者","received-text-contamination","false","","当前校补与传世参照对齐，但仓库没有可逐字验证的甲本释文或乙本图版证据，无法证明它不是由传世本回填；保留原字并进入图版复核队列。","silkA | receivedReference","true","","需要核对帛书乙本原始图版、高清摹本或权威释文。","review-required"
"addition","49","12","2","3","善","善","received-text-contamination","false","","当前校补与传世参照对齐，但仓库没有可逐字验证的甲本释文或乙本图版证据，无法证明它不是由传世本回填；保留原字并进入图版复核队列。","silkA | receivedReference","true","","需要核对帛书乙本原始图版、高清摹本或权威释文。","review-required"
"addition","49","12","2","4","之","之","received-text-contamination","false","","当前校补与传世参照对齐，但仓库没有可逐字验证的甲本释文或乙本图版证据，无法证明它不是由传世本回填；保留原字并进入图版复核队列。","silkA | receivedReference","true","","需要核对帛书乙本原始图版、高清摹本或权威释文。","review-required"
"addition","49","12","2","5","不","不","received-text-contamination","false","","当前校补与传世参照对齐，但仓库没有可逐字验证的甲本释文或乙本图版证据，无法证明它不是由传世本回填；保留原字并进入图版复核队列。","silkA | receivedReference","true","","需要核对帛书乙本原始图版、高清摹本或权威释文。","review-required"
"addition","49","12","2","6","善","善","received-text-contamination","false","","当前校补与传世参照对齐，但仓库没有可逐字验证的甲本释文或乙本图版证据，无法证明它不是由传世本回填；保留原字并进入图版复核队列。","silkA | receivedReference","true","","需要核对帛书乙本原始图版、高清摹本或权威释文。","review-required"
"addition","49","12","2","7","者","者","received-text-contamination","false","","当前校补与传世参照对齐，但仓库没有可逐字验证的甲本释文或乙本图版证据，无法证明它不是由传世本回填；保留原字并进入图版复核队列。","silkA | receivedReference","true","","需要核对帛书乙本原始图版、高清摹本或权威释文。","review-required"
"addition","49","12","2","8","亦","亦","received-text-contamination","false","","当前校补与传世参照对齐，但仓库没有可逐字验证的甲本释文或乙本图版证据，无法证明它不是由传世本回填；保留原字并进入图版复核队列。","silkA | receivedReference","true","","需要核对帛书乙本原始图版、高清摹本或权威释文。","review-required"
"addition","49","12","2","9","善","善","received-text-contamination","false","","当前校补与传世参照对齐，但仓库没有可逐字验证的甲本释文或乙本图版证据，无法证明它不是由传世本回填；保留原字并进入图版复核队列。","silkA | receivedReference","true","","需要核对帛书乙本原始图版、高清摹本或权威释文。","review-required"
"addition","49","12","2","10","之","之","received-text-contamination","false","","当前校补与传世参照对齐，但仓库没有可逐字验证的甲本释文或乙本图版证据，无法证明它不是由传世本回填；保留原字并进入图版复核队列。","silkA | receivedReference","true","","需要核对帛书乙本原始图版、高清摹本或权威释文。","review-required"
"addition","49","12","2","11","德","德","received-text-contamination","false","","当前校补与传世参照对齐，但仓库没有可逐字验证的甲本释文或乙本图版证据，无法证明它不是由传世本回填；保留原字并进入图版复核队列。","silkA | receivedReference","true","","需要核对帛书乙本原始图版、高清摹本或权威释文。","review-required"
"addition","49","12","4","11","为","为","received-text-contamination","false","","当前校补与传世参照对齐，但仓库没有可逐字验证的甲本释文或乙本图版证据，无法证明它不是由传世本回填；保留原字并进入图版复核队列。","silkA | receivedReference","true","","需要核对帛书乙本原始图版、高清摹本或权威释文。","review-required"
"addition","49","12","4","12","天","天","received-text-contamination","false","","当前校补与传世参照对齐，但仓库没有可逐字验证的甲本释文或乙本图版证据，无法证明它不是由传世本回填；保留原字并进入图版复核队列。","silkA | receivedReference","true","","需要核对帛书乙本原始图版、高清摹本或权威释文。","review-required"
"addition","49","12","4","13","下","下","received-text-contamination","false","","当前校补与传世参照对齐，但仓库没有可逐字验证的甲本释文或乙本图版证据，无法证明它不是由传世本回填；保留原字并进入图版复核队列。","silkA | receivedReference","true","","需要核对帛书乙本原始图版、高清摹本或权威释文。","review-required"
"addition","49","12","4","14","浑","浑","received-text-contamination","false","","当前校补与传世参照对齐，但仓库没有可逐字验证的甲本释文或乙本图版证据，无法证明它不是由传世本回填；保留原字并进入图版复核队列。","silkA | receivedReference","true","","需要核对帛书乙本原始图版、高清摹本或权威释文。","review-required"
"addition","49","12","4","15","心","心","received-text-contamination","false","","当前校补与传世参照对齐，但仓库没有可逐字验证的甲本释文或乙本图版证据，无法证明它不是由传世本回填；保留原字并进入图版复核队列。","silkA | receivedReference","true","","需要核对帛书乙本原始图版、高清摹本或权威释文。","review-required"
"addition","49","12","5","1","百","百","received-text-contamination","false","","当前校补与传世参照对齐，但仓库没有可逐字验证的甲本释文或乙本图版证据，无法证明它不是由传世本回填；保留原字并进入图版复核队列。","silkA | receivedReference","true","","需要核对帛书乙本原始图版、高清摹本或权威释文。","review-required"
"addition","49","12","5","5","耳","耳","received-text-contamination","false","","当前校补与传世参照对齐，但仓库没有可逐字验证的甲本释文或乙本图版证据，无法证明它不是由传世本回填；保留原字并进入图版复核队列。","silkA | receivedReference","true","","需要核对帛书乙本原始图版、高清摹本或权威释文。","review-required"
"addition","49","12","5","6","目","目","received-text-contamination","false","","当前校补与传世参照对齐，但仓库没有可逐字验证的甲本释文或乙本图版证据，无法证明它不是由传世本回填；保留原字并进入图版复核队列。","silkA | receivedReference","true","","需要核对帛书乙本原始图版、高清摹本或权威释文。","review-required"
"addition","49","12","5","7","焉","焉","insufficient-evidence","false","","当前字无法与传世参照可靠对齐，仓库也没有逐字甲本释文或原始图版；需要核对帛书乙本原始图版、高清摹本或权威释文。","silkA | receivedReference","true","","需要核对帛书乙本原始图版、高清摹本或权威释文。","review-required"
"addition","49","12","5","8","圣","圣","received-text-contamination","false","","当前校补与传世参照对齐，但仓库没有可逐字验证的甲本释文或乙本图版证据，无法证明它不是由传世本回填；保留原字并进入图版复核队列。","silkA | receivedReference","true","","需要核对帛书乙本原始图版、高清摹本或权威释文。","review-required"
"addition","49","12","5","9","人","人","received-text-contamination","false","","当前校补与传世参照对齐，但仓库没有可逐字验证的甲本释文或乙本图版证据，无法证明它不是由传世本回填；保留原字并进入图版复核队列。","silkA | receivedReference","true","","需要核对帛书乙本原始图版、高清摹本或权威释文。","review-required"
"addition","49","12","5","10","皆","皆","received-text-contamination","false","","当前校补与传世参照对齐，但仓库没有可逐字验证的甲本释文或乙本图版证据，无法证明它不是由传世本回填；保留原字并进入图版复核队列。","silkA | receivedReference","true","","需要核对帛书乙本原始图版、高清摹本或权威释文。","review-required"
"addition","49","12","5","11","孩","孩","received-text-contamination","false","","当前校补与传世参照对齐，但仓库没有可逐字验证的甲本释文或乙本图版证据，无法证明它不是由传世本回填；保留原字并进入图版复核队列。","silkA | receivedReference","true","","需要核对帛书乙本原始图版、高清摹本或权威释文。","review-required"
"addition","49","12","5","12","之","之","received-text-contamination","false","","当前校补与传世参照对齐，但仓库没有可逐字验证的甲本释文或乙本图版证据，无法证明它不是由传世本回填；保留原字并进入图版复核队列。","silkA | receivedReference","true","","需要核对帛书乙本原始图版、高清摹本或权威释文。","review-required"
"addition","50","13","1","1","出","出","received-text-contamination","false","","当前校补与传世参照对齐，但仓库没有可逐字验证的甲本释文或乙本图版证据，无法证明它不是由传世本回填；保留原字并进入图版复核队列。","silkA | receivedReference","true","","需要核对帛书乙本原始图版、高清摹本或权威释文。","review-required"
"addition","50","13","2","3","徒","徒","received-text-contamination","false","","当前校补与传世参照对齐，但仓库没有可逐字验证的甲本释文或乙本图版证据，无法证明它不是由传世本回填；保留原字并进入图版复核队列。","silkA | receivedReference","true","","需要核对帛书乙本原始图版、高清摹本或权威释文。","review-required"
"addition","50","13","2","4","十","十","received-text-contamination","false","","当前校补与传世参照对齐，但仓库没有可逐字验证的甲本释文或乙本图版证据，无法证明它不是由传世本回填；保留原字并进入图版复核队列。","silkA | receivedReference","true","","需要核对帛书乙本原始图版、高清摹本或权威释文。","review-required"
"addition","50","13","2","5","有","有","received-text-contamination","false","","当前校补与传世参照对齐，但仓库没有可逐字验证的甲本释文或乙本图版证据，无法证明它不是由传世本回填；保留原字并进入图版复核队列。","silkA | receivedReference","true","","需要核对帛书乙本原始图版、高清摹本或权威释文。","review-required"
"addition","50","13","2","6","三","三","received-text-contamination","false","","当前校补与传世参照对齐，但仓库没有可逐字验证的甲本释文或乙本图版证据，无法证明它不是由传世本回填；保留原字并进入图版复核队列。","silkA | receivedReference","true","","需要核对帛书乙本原始图版、高清摹本或权威释文。","review-required"
"addition","50","13","2","7","死","死","received-text-contamination","false","","当前校补与传世参照对齐，但仓库没有可逐字验证的甲本释文或乙本图版证据，无法证明它不是由传世本回填；保留原字并进入图版复核队列。","silkA | receivedReference","true","","需要核对帛书乙本原始图版、高清摹本或权威释文。","review-required"
"addition","50","13","3","1","夫","夫","received-text-contamination","false","","当前校补与传世参照对齐，但仓库没有可逐字验证的甲本释文或乙本图版证据，无法证明它不是由传世本回填；保留原字并进入图版复核队列。","silkA | receivedReference","true","","需要核对帛书乙本原始图版、高清摹本或权威释文。","review-required"
"addition","50","13","4","5","也","也","conflicting-witnesses","false","","当前校补“也”与传世参照对齐字“厚”不同；仓库没有足够逐字证据裁决，不能自动择一。","silkA | receivedReference","true","厚","需要核对帛书乙本原始图版、高清摹本或权威释文。","review-required"
"addition","50","13","6","3","所","所","received-text-contamination","false","","当前校补与传世参照对齐，但仓库没有可逐字验证的甲本释文或乙本图版证据，无法证明它不是由传世本回填；保留原字并进入图版复核队列。","silkA | receivedReference","true","","需要核对帛书乙本原始图版、高清摹本或权威释文。","review-required"
"addition","50","13","6","4","投","投","received-text-contamination","false","","当前校补与传世参照对齐，但仓库没有可逐字验证的甲本释文或乙本图版证据，无法证明它不是由传世本回填；保留原字并进入图版复核队列。","silkA | receivedReference","true","","需要核对帛书乙本原始图版、高清摹本或权威释文。","review-required"
"addition","50","13","6","5","其","其","received-text-contamination","false","","当前校补与传世参照对齐，但仓库没有可逐字验证的甲本释文或乙本图版证据，无法证明它不是由传世本回填；保留原字并进入图版复核队列。","silkA | receivedReference","true","","需要核对帛书乙本原始图版、高清摹本或权威释文。","review-required"
"addition","50","13","6","6","角","角","received-text-contamination","false","","当前校补与传世参照对齐，但仓库没有可逐字验证的甲本释文或乙本图版证据，无法证明它不是由传世本回填；保留原字并进入图版复核队列。","silkA | receivedReference","true","","需要核对帛书乙本原始图版、高清摹本或权威释文。","review-required"
"addition","50","13","6","7","虎","虎","received-text-contamination","false","","当前校补与传世参照对齐，但仓库没有可逐字验证的甲本释文或乙本图版证据，无法证明它不是由传世本回填；保留原字并进入图版复核队列。","silkA | receivedReference","true","","需要核对帛书乙本原始图版、高清摹本或权威释文。","review-required"
"addition","50","13","6","8","无","无","received-text-contamination","false","","当前校补与传世参照对齐，但仓库没有可逐字验证的甲本释文或乙本图版证据，无法证明它不是由传世本回填；保留原字并进入图版复核队列。","silkA | receivedReference","true","","需要核对帛书乙本原始图版、高清摹本或权威释文。","review-required"
"addition","50","13","6","9","所","所","received-text-contamination","false","","当前校补与传世参照对齐，但仓库没有可逐字验证的甲本释文或乙本图版证据，无法证明它不是由传世本回填；保留原字并进入图版复核队列。","silkA | receivedReference","true","","需要核对帛书乙本原始图版、高清摹本或权威释文。","review-required"
"addition","50","13","6","10","措","措","received-text-contamination","false","","当前校补与传世参照对齐，但仓库没有可逐字验证的甲本释文或乙本图版证据，无法证明它不是由传世本回填；保留原字并进入图版复核队列。","silkA | receivedReference","true","","需要核对帛书乙本原始图版、高清摹本或权威释文。","review-required"
"addition","50","13","6","14","无","无","received-text-contamination","false","","当前校补与传世参照对齐，但仓库没有可逐字验证的甲本释文或乙本图版证据，无法证明它不是由传世本回填；保留原字并进入图版复核队列。","silkA | receivedReference","true","","需要核对帛书乙本原始图版、高清摹本或权威释文。","review-required"
"addition","50","13","6","15","所","所","received-text-contamination","false","","当前校补与传世参照对齐，但仓库没有可逐字验证的甲本释文或乙本图版证据，无法证明它不是由传世本回填；保留原字并进入图版复核队列。","silkA | receivedReference","true","","需要核对帛书乙本原始图版、高清摹本或权威释文。","review-required"
"addition","50","13","6","16","容","容","received-text-contamination","false","","当前校补与传世参照对齐，但仓库没有可逐字验证的甲本释文或乙本图版证据，无法证明它不是由传世本回填；保留原字并进入图版复核队列。","silkA | receivedReference","true","","需要核对帛书乙本原始图版、高清摹本或权威释文。","review-required"
"addition","50","13","6","17","其","其","received-text-contamination","false","","当前校补与传世参照对齐，但仓库没有可逐字验证的甲本释文或乙本图版证据，无法证明它不是由传世本回填；保留原字并进入图版复核队列。","silkA | receivedReference","true","","需要核对帛书乙本原始图版、高清摹本或权威释文。","review-required"
"addition","50","13","6","18","刃","刃","received-text-contamination","false","","当前校补与传世参照对齐，但仓库没有可逐字验证的甲本释文或乙本图版证据，无法证明它不是由传世本回填；保留原字并进入图版复核队列。","silkA | receivedReference","true","","需要核对帛书乙本原始图版、高清摹本或权威释文。","review-required"
"addition","50","13","7","1","夫","夫","received-text-contamination","false","","当前校补与传世参照对齐，但仓库没有可逐字验证的甲本释文或乙本图版证据，无法证明它不是由传世本回填；保留原字并进入图版复核队列。","silkA | receivedReference","true","","需要核对帛书乙本原始图版、高清摹本或权威释文。","review-required"
"addition","50","13","7","2","何","何","received-text-contamination","false","","当前校补与传世参照对齐，但仓库没有可逐字验证的甲本释文或乙本图版证据，无法证明它不是由传世本回填；保留原字并进入图版复核队列。","silkA | receivedReference","true","","需要核对帛书乙本原始图版、高清摹本或权威释文。","review-required"
"addition","50","13","7","3","故","故","received-text-contamination","false","","当前校补与传世参照对齐，但仓库没有可逐字验证的甲本释文或乙本图版证据，无法证明它不是由传世本回填；保留原字并进入图版复核队列。","silkA | receivedReference","true","","需要核对帛书乙本原始图版、高清摹本或权威释文。","review-required"
"addition","50","13","8","4","死","死","received-text-contamination","false","","当前校补与传世参照对齐，但仓库没有可逐字验证的甲本释文或乙本图版证据，无法证明它不是由传世本回填；保留原字并进入图版复核队列。","silkA | receivedReference","true","","需要核对帛书乙本原始图版、高清摹本或权威释文。","review-required"
"addition","50","13","8","5","地","地","received-text-contamination","false","","当前校补与传世参照对齐，但仓库没有可逐字验证的甲本释文或乙本图版证据，无法证明它不是由传世本回填；保留原字并进入图版复核队列。","silkA | receivedReference","true","","需要核对帛书乙本原始图版、高清摹本或权威释文。","review-required"
"addition","50","13","8","6","焉","焉","insufficient-evidence","false","","当前字无法与传世参照可靠对齐，仓库也没有逐字甲本释文或原始图版；需要核对帛书乙本原始图版、高清摹本或权威释文。","silkA | receivedReference","true","","需要核对帛书乙本原始图版、高清摹本或权威释文。","review-required"
"addition","51","14","1","4","而","而","insufficient-evidence","false","","当前字无法与传世参照可靠对齐，仓库也没有逐字甲本释文或原始图版；需要核对帛书乙本原始图版、高清摹本或权威释文。","silkA | receivedReference","true","","需要核对帛书乙本原始图版、高清摹本或权威释文。","review-required"
"addition","51","14","3","5","之","之","received-text-contamination","false","","当前校补与传世参照对齐，但仓库没有可逐字验证的甲本释文或乙本图版证据，无法证明它不是由传世本回填；保留原字并进入图版复核队列。","silkA | receivedReference","true","","需要核对帛书乙本原始图版、高清摹本或权威释文。","review-required"
"addition","51","14","3","6","长","长","received-text-contamination","false","","当前校补与传世参照对齐，但仓库没有可逐字验证的甲本释文或乙本图版证据，无法证明它不是由传世本回填；保留原字并进入图版复核队列。","silkA | receivedReference","true","","需要核对帛书乙本原始图版、高清摹本或权威释文。","review-required"
"addition","51","14","3","7","之","之","received-text-contamination","false","","当前校补与传世参照对齐，但仓库没有可逐字验证的甲本释文或乙本图版证据，无法证明它不是由传世本回填；保留原字并进入图版复核队列。","silkA | receivedReference","true","","需要核对帛书乙本原始图版、高清摹本或权威释文。","review-required"
"addition","51","14","3","8","育","育","received-text-contamination","false","","当前校补与传世参照对齐，但仓库没有可逐字验证的甲本释文或乙本图版证据，无法证明它不是由传世本回填；保留原字并进入图版复核队列。","silkA | receivedReference","true","","需要核对帛书乙本原始图版、高清摹本或权威释文。","review-required"
"addition","51","14","3","17","之","之","received-text-contamination","false","","当前校补与传世参照对齐，但仓库没有可逐字验证的甲本释文或乙本图版证据，无法证明它不是由传世本回填；保留原字并进入图版复核队列。","silkA | receivedReference","true","","需要核对帛书乙本原始图版、高清摹本或权威释文。","review-required"
"addition","51","14","4","1","生","生","received-text-contamination","false","","当前校补与传世参照对齐，但仓库没有可逐字验证的甲本释文或乙本图版证据，无法证明它不是由传世本回填；保留原字并进入图版复核队列。","silkA | receivedReference","true","","需要核对帛书乙本原始图版、高清摹本或权威释文。","review-required"
"addition","51","14","4","2","而","而","received-text-contamination","false","","当前校补与传世参照对齐，但仓库没有可逐字验证的甲本释文或乙本图版证据，无法证明它不是由传世本回填；保留原字并进入图版复核队列。","silkA | receivedReference","true","","需要核对帛书乙本原始图版、高清摹本或权威释文。","review-required"
"addition","51","14","4","3","弗","弗","conflicting-witnesses","false","","当前校补“弗”与传世参照对齐字“不”不同；仓库没有足够逐字证据裁决，不能自动择一。","silkA | receivedReference","true","不","需要核对帛书乙本原始图版、高清摹本或权威释文。","review-required"
"addition","51","14","4","4","有","有","received-text-contamination","false","","当前校补与传世参照对齐，但仓库没有可逐字验证的甲本释文或乙本图版证据，无法证明它不是由传世本回填；保留原字并进入图版复核队列。","silkA | receivedReference","true","","需要核对帛书乙本原始图版、高清摹本或权威释文。","review-required"
"addition","51","14","4","5","也","也","insufficient-evidence","false","","当前字无法与传世参照可靠对齐，仓库也没有逐字甲本释文或原始图版；需要核对帛书乙本原始图版、高清摹本或权威释文。","silkA | receivedReference","true","","需要核对帛书乙本原始图版、高清摹本或权威释文。","review-required"
"addition","51","14","4","6","为","为","received-text-contamination","false","","当前校补与传世参照对齐，但仓库没有可逐字验证的甲本释文或乙本图版证据，无法证明它不是由传世本回填；保留原字并进入图版复核队列。","silkA | receivedReference","true","","需要核对帛书乙本原始图版、高清摹本或权威释文。","review-required"
"addition","51","14","4","7","而","而","received-text-contamination","false","","当前校补与传世参照对齐，但仓库没有可逐字验证的甲本释文或乙本图版证据，无法证明它不是由传世本回填；保留原字并进入图版复核队列。","silkA | receivedReference","true","","需要核对帛书乙本原始图版、高清摹本或权威释文。","review-required"
"addition","51","14","4","8","弗","弗","conflicting-witnesses","false","","当前校补“弗”与传世参照对齐字“不”不同；仓库没有足够逐字证据裁决，不能自动择一。","silkA | receivedReference","true","不","需要核对帛书乙本原始图版、高清摹本或权威释文。","review-required"
"addition","51","14","4","9","恃","恃","received-text-contamination","false","","当前校补与传世参照对齐，但仓库没有可逐字验证的甲本释文或乙本图版证据，无法证明它不是由传世本回填；保留原字并进入图版复核队列。","silkA | receivedReference","true","","需要核对帛书乙本原始图版、高清摹本或权威释文。","review-required"
"addition","51","14","4","10","也","也","insufficient-evidence","false","","当前字无法与传世参照可靠对齐，仓库也没有逐字甲本释文或原始图版；需要核对帛书乙本原始图版、高清摹本或权威释文。","silkA | receivedReference","true","","需要核对帛书乙本原始图版、高清摹本或权威释文。","review-required"
"addition","51","14","4","11","长","长","received-text-contamination","false","","当前校补与传世参照对齐，但仓库没有可逐字验证的甲本释文或乙本图版证据，无法证明它不是由传世本回填；保留原字并进入图版复核队列。","silkA | receivedReference","true","","需要核对帛书乙本原始图版、高清摹本或权威释文。","review-required"
"addition","51","14","4","12","而","而","received-text-contamination","false","","当前校补与传世参照对齐，但仓库没有可逐字验证的甲本释文或乙本图版证据，无法证明它不是由传世本回填；保留原字并进入图版复核队列。","silkA | receivedReference","true","","需要核对帛书乙本原始图版、高清摹本或权威释文。","review-required"
"addition","51","14","4","15","也","也","insufficient-evidence","false","","当前字无法与传世参照可靠对齐，仓库也没有逐字甲本释文或原始图版；需要核对帛书乙本原始图版、高清摹本或权威释文。","silkA | receivedReference","true","","需要核对帛书乙本原始图版、高清摹本或权威释文。","review-required"
"addition","51","14","4","16","此","此","insufficient-evidence","false","","当前字无法与传世参照可靠对齐，仓库也没有逐字甲本释文或原始图版；需要核对帛书乙本原始图版、高清摹本或权威释文。","silkA | receivedReference","true","","需要核对帛书乙本原始图版、高清摹本或权威释文。","review-required"
"addition","52","15","5","6","事","事","received-text-contamination","false","","当前校补与传世参照对齐，但仓库没有可逐字验证的甲本释文或乙本图版证据，无法证明它不是由传世本回填；保留原字并进入图版复核队列。","silkA | receivedReference","true","","需要核对帛书乙本原始图版、高清摹本或权威释文。","review-required"
"addition","52","15","5","7","终","终","received-text-contamination","false","","当前校补与传世参照对齐，但仓库没有可逐字验证的甲本释文或乙本图版证据，无法证明它不是由传世本回填；保留原字并进入图版复核队列。","silkA | receivedReference","true","","需要核对帛书乙本原始图版、高清摹本或权威释文。","review-required"
"addition","52","15","5","8","身","身","received-text-contamination","false","","当前校补与传世参照对齐，但仓库没有可逐字验证的甲本释文或乙本图版证据，无法证明它不是由传世本回填；保留原字并进入图版复核队列。","silkA | receivedReference","true","","需要核对帛书乙本原始图版、高清摹本或权威释文。","review-required"
"addition","52","15","6","6","柔","柔","received-text-contamination","false","","当前校补与传世参照对齐，但仓库没有可逐字验证的甲本释文或乙本图版证据，无法证明它不是由传世本回填；保留原字并进入图版复核队列。","silkA | receivedReference","true","","需要核对帛书乙本原始图版、高清摹本或权威释文。","review-required"
"addition","52","15","6","7","曰","曰","received-text-contamination","false","","当前校补与传世参照对齐，但仓库没有可逐字验证的甲本释文或乙本图版证据，无法证明它不是由传世本回填；保留原字并进入图版复核队列。","silkA | receivedReference","true","","需要核对帛书乙本原始图版、高清摹本或权威释文。","review-required"
"addition","52","15","7","2","其","其","received-text-contamination","false","","当前校补与传世参照对齐，但仓库没有可逐字验证的甲本释文或乙本图版证据，无法证明它不是由传世本回填；保留原字并进入图版复核队列。","silkA | receivedReference","true","","需要核对帛书乙本原始图版、高清摹本或权威释文。","review-required"
"addition","52","15","7","3","光","光","received-text-contamination","false","","当前校补与传世参照对齐，但仓库没有可逐字验证的甲本释文或乙本图版证据，无法证明它不是由传世本回填；保留原字并进入图版复核队列。","silkA | receivedReference","true","","需要核对帛书乙本原始图版、高清摹本或权威释文。","review-required"
"addition","52","15","7","4","复","复","received-text-contamination","false","","当前校补与传世参照对齐，但仓库没有可逐字验证的甲本释文或乙本图版证据，无法证明它不是由传世本回填；保留原字并进入图版复核队列。","silkA | receivedReference","true","","需要核对帛书乙本原始图版、高清摹本或权威释文。","review-required"
"addition","52","15","7","5","归","归","received-text-contamination","false","","当前校补与传世参照对齐，但仓库没有可逐字验证的甲本释文或乙本图版证据，无法证明它不是由传世本回填；保留原字并进入图版复核队列。","silkA | receivedReference","true","","需要核对帛书乙本原始图版、高清摹本或权威释文。","review-required"
"addition","52","15","7","6","其","其","conflicting-witnesses","false","","当前校补“其”与传世参照对齐字“无”不同；仓库没有足够逐字证据裁决，不能自动择一。","silkA | receivedReference","true","无","需要核对帛书乙本原始图版、高清摹本或权威释文。","review-required"
"addition","52","15","7","7","明","明","received-text-contamination","false","","当前校补与传世参照对齐，但仓库没有可逐字验证的甲本释文或乙本图版证据，无法证明它不是由传世本回填；保留原字并进入图版复核队列。","silkA | receivedReference","true","","需要核对帛书乙本原始图版、高清摹本或权威释文。","review-required"
"addition","52","15","8","1","毋","毋","conflicting-witnesses","false","","当前校补“毋”与传世参照对齐字“无”不同；仓库没有足够逐字证据裁决，不能自动择一。","silkA | receivedReference","true","无","需要核对帛书乙本原始图版、高清摹本或权威释文。","review-required"
"addition","52","15","8","7","袭","袭","received-text-contamination","false","","当前校补与传世参照对齐，但仓库没有可逐字验证的甲本释文或乙本图版证据，无法证明它不是由传世本回填；保留原字并进入图版复核队列。","silkA | receivedReference","true","","需要核对帛书乙本原始图版、高清摹本或权威释文。","review-required"
"addition","53","16","4","11","财","财","conflicting-witnesses","false","","当前校补“财”与传世参照对齐字“货”不同；仓库没有足够逐字证据裁决，不能自动择一。","silkA | receivedReference","true","货","需要核对帛书乙本原始图版、高清摹本或权威释文。","review-required"
"addition","53","16","4","12","有","有","received-text-contamination","false","","当前校补与传世参照对齐，但仓库没有可逐字验证的甲本释文或乙本图版证据，无法证明它不是由传世本回填；保留原字并进入图版复核队列。","silkA | receivedReference","true","","需要核对帛书乙本原始图版、高清摹本或权威释文。","review-required"
"addition","53","16","4","13","余","余","received-text-contamination","false","","当前校补与传世参照对齐，但仓库没有可逐字验证的甲本释文或乙本图版证据，无法证明它不是由传世本回填；保留原字并进入图版复核队列。","silkA | receivedReference","true","","需要核对帛书乙本原始图版、高清摹本或权威释文。","review-required"
"addition","53","16","5","1","是","是","received-text-contamination","false","","当前校补与传世参照对齐，但仓库没有可逐字验证的甲本释文或乙本图版证据，无法证明它不是由传世本回填；保留原字并进入图版复核队列。","silkA | receivedReference","true","","需要核对帛书乙本原始图版、高清摹本或权威释文。","review-required"
"addition","53","16","5","2","谓","谓","received-text-contamination","false","","当前校补与传世参照对齐，但仓库没有可逐字验证的甲本释文或乙本图版证据，无法证明它不是由传世本回填；保留原字并进入图版复核队列。","silkA | receivedReference","true","","需要核对帛书乙本原始图版、高清摹本或权威释文。","review-required"
"addition","53","16","5","3","盗","盗","received-text-contamination","false","","当前校补与传世参照对齐，但仓库没有可逐字验证的甲本释文或乙本图版证据，无法证明它不是由传世本回填；保留原字并进入图版复核队列。","silkA | receivedReference","true","","需要核对帛书乙本原始图版、高清摹本或权威释文。","review-required"
"addition","53","16","5","4","竽","竽","conflicting-witnesses","false","","当前校补“竽”与传世参照对齐字“夸”不同；仓库没有足够逐字证据裁决，不能自动择一。","silkA | receivedReference","true","夸","需要核对帛书乙本原始图版、高清摹本或权威释文。","review-required"
"addition","53","16","6","2","道","道","received-text-contamination","false","","当前校补与传世参照对齐，但仓库没有可逐字验证的甲本释文或乙本图版证据，无法证明它不是由传世本回填；保留原字并进入图版复核队列。","silkA | receivedReference","true","","需要核对帛书乙本原始图版、高清摹本或权威释文。","review-required"
"addition","53","16","6","4","哉","哉","received-text-contamination","false","","当前校补与传世参照对齐，但仓库没有可逐字验证的甲本释文或乙本图版证据，无法证明它不是由传世本回填；保留原字并进入图版复核队列。","silkA | receivedReference","true","","需要核对帛书乙本原始图版、高清摹本或权威释文。","review-required"
"addition","54","17","1","4","不","不","received-text-contamination","false","","当前校补与传世参照对齐，但仓库没有可逐字验证的甲本释文或乙本图版证据，无法证明它不是由传世本回填；保留原字并进入图版复核队列。","silkA | receivedReference","true","","需要核对帛书乙本原始图版、高清摹本或权威释文。","review-required"
"addition","54","17","1","5","拔","拔","received-text-contamination","false","","当前校补与传世参照对齐，但仓库没有可逐字验证的甲本释文或乙本图版证据，无法证明它不是由传世本回填；保留原字并进入图版复核队列。","silkA | receivedReference","true","","需要核对帛书乙本原始图版、高清摹本或权威释文。","review-required"
"addition","54","17","1","6","善","善","received-text-contamination","false","","当前校补与传世参照对齐，但仓库没有可逐字验证的甲本释文或乙本图版证据，无法证明它不是由传世本回填；保留原字并进入图版复核队列。","silkA | receivedReference","true","","需要核对帛书乙本原始图版、高清摹本或权威释文。","review-required"
"addition","54","17","1","7","抱","抱","received-text-contamination","false","","当前校补与传世参照对齐，但仓库没有可逐字验证的甲本释文或乙本图版证据，无法证明它不是由传世本回填；保留原字并进入图版复核队列。","silkA | receivedReference","true","","需要核对帛书乙本原始图版、高清摹本或权威释文。","review-required"
"addition","54","17","1","8","者","者","received-text-contamination","false","","当前校补与传世参照对齐，但仓库没有可逐字验证的甲本释文或乙本图版证据，无法证明它不是由传世本回填；保留原字并进入图版复核队列。","silkA | receivedReference","true","","需要核对帛书乙本原始图版、高清摹本或权威释文。","review-required"
"addition","54","17","1","9","不","不","received-text-contamination","false","","当前校补与传世参照对齐，但仓库没有可逐字验证的甲本释文或乙本图版证据，无法证明它不是由传世本回填；保留原字并进入图版复核队列。","silkA | receivedReference","true","","需要核对帛书乙本原始图版、高清摹本或权威释文。","review-required"
"addition","54","17","1","10","脱","脱","received-text-contamination","false","","当前校补与传世参照对齐，但仓库没有可逐字验证的甲本释文或乙本图版证据，无法证明它不是由传世本回填；保留原字并进入图版复核队列。","silkA | receivedReference","true","","需要核对帛书乙本原始图版、高清摹本或权威释文。","review-required"
"addition","54","17","7","6","家","家","received-text-contamination","false","","当前校补与传世参照对齐，但仓库没有可逐字验证的甲本释文或乙本图版证据，无法证明它不是由传世本回填；保留原字并进入图版复核队列。","silkA | receivedReference","true","","需要核对帛书乙本原始图版、高清摹本或权威释文。","review-required"
"addition","54","17","7","7","观","观","received-text-contamination","false","","当前校补与传世参照对齐，但仓库没有可逐字验证的甲本释文或乙本图版证据，无法证明它不是由传世本回填；保留原字并进入图版复核队列。","silkA | receivedReference","true","","需要核对帛书乙本原始图版、高清摹本或权威释文。","review-required"
"addition","54","17","7","9","以","以","received-text-contamination","false","","当前校补与传世参照对齐，但仓库没有可逐字验证的甲本释文或乙本图版证据，无法证明它不是由传世本回填；保留原字并进入图版复核队列。","silkA | receivedReference","true","","需要核对帛书乙本原始图版、高清摹本或权威释文。","review-required"
"addition","54","17","7","10","乡","乡","received-text-contamination","false","","当前校补与传世参照对齐，但仓库没有可逐字验证的甲本释文或乙本图版证据，无法证明它不是由传世本回填；保留原字并进入图版复核队列。","silkA | receivedReference","true","","需要核对帛书乙本原始图版、高清摹本或权威释文。","review-required"
"addition","54","17","7","12","乡","乡","received-text-contamination","false","","当前校补与传世参照对齐，但仓库没有可逐字验证的甲本释文或乙本图版证据，无法证明它不是由传世本回填；保留原字并进入图版复核队列。","silkA | receivedReference","true","","需要核对帛书乙本原始图版、高清摹本或权威释文。","review-required"
"addition","54","17","7","13","以","以","received-text-contamination","false","","当前校补与传世参照对齐，但仓库没有可逐字验证的甲本释文或乙本图版证据，无法证明它不是由传世本回填；保留原字并进入图版复核队列。","silkA | receivedReference","true","","需要核对帛书乙本原始图版、高清摹本或权威释文。","review-required"
"addition","54","17","7","14","邦","邦","conflicting-witnesses","false","","当前校补“邦”与传世参照对齐字“国”不同；仓库没有足够逐字证据裁决，不能自动择一。","silkA | receivedReference","true","国","需要核对帛书乙本原始图版、高清摹本或权威释文。","review-required"
"addition","54","17","7","15","观","观","received-text-contamination","false","","当前校补与传世参照对齐，但仓库没有可逐字验证的甲本释文或乙本图版证据，无法证明它不是由传世本回填；保留原字并进入图版复核队列。","silkA | receivedReference","true","","需要核对帛书乙本原始图版、高清摹本或权威释文。","review-required"
"addition","54","17","8","3","以","以","received-text-contamination","false","","当前校补与传世参照对齐，但仓库没有可逐字验证的甲本释文或乙本图版证据，无法证明它不是由传世本回填；保留原字并进入图版复核队列。","silkA | receivedReference","true","","需要核对帛书乙本原始图版、高清摹本或权威释文。","review-required"
"addition","54","17","9","2","此","此","received-text-contamination","false","","当前校补与传世参照对齐，但仓库没有可逐字验证的甲本释文或乙本图版证据，无法证明它不是由传世本回填；保留原字并进入图版复核队列。","silkA | receivedReference","true","","需要核对帛书乙本原始图版、高清摹本或权威释文。","review-required"
"addition","55","18","4","8","之","之","received-text-contamination","false","","当前校补与传世参照对齐，但仓库没有可逐字验证的甲本释文或乙本图版证据，无法证明它不是由传世本回填；保留原字并进入图版复核队列。","silkA | receivedReference","true","","需要核对帛书乙本原始图版、高清摹本或权威释文。","review-required"
"addition","55","18","4","9","至","至","received-text-contamination","false","","当前校补与传世参照对齐，但仓库没有可逐字验证的甲本释文或乙本图版证据，无法证明它不是由传世本回填；保留原字并进入图版复核队列。","silkA | receivedReference","true","","需要核对帛书乙本原始图版、高清摹本或权威释文。","review-required"
"addition","55","18","4","10","也","也","received-text-contamination","false","","当前校补与传世参照对齐，但仓库没有可逐字验证的甲本释文或乙本图版证据，无法证明它不是由传世本回填；保留原字并进入图版复核队列。","silkA | receivedReference","true","","需要核对帛书乙本原始图版、高清摹本或权威释文。","review-required"
"addition","55","18","5","1","知","知","received-text-contamination","false","","当前校补与传世参照对齐，但仓库没有可逐字验证的甲本释文或乙本图版证据，无法证明它不是由传世本回填；保留原字并进入图版复核队列。","silkA | receivedReference","true","","需要核对帛书乙本原始图版、高清摹本或权威释文。","review-required"
"addition","55","18","5","2","和","和","received-text-contamination","false","","当前校补与传世参照对齐，但仓库没有可逐字验证的甲本释文或乙本图版证据，无法证明它不是由传世本回填；保留原字并进入图版复核队列。","silkA | receivedReference","true","","需要核对帛书乙本原始图版、高清摹本或权威释文。","review-required"
"addition","55","18","5","3","曰","曰","received-text-contamination","false","","当前校补与传世参照对齐，但仓库没有可逐字验证的甲本释文或乙本图版证据，无法证明它不是由传世本回填；保留原字并进入图版复核队列。","silkA | receivedReference","true","","需要核对帛书乙本原始图版、高清摹本或权威释文。","review-required"
"addition","55","18","6","3","曰","曰","received-text-contamination","false","","当前校补与传世参照对齐，但仓库没有可逐字验证的甲本释文或乙本图版证据，无法证明它不是由传世本回填；保留原字并进入图版复核队列。","silkA | receivedReference","true","","需要核对帛书乙本原始图版、高清摹本或权威释文。","review-required"
"addition","55","18","7","2","壮","壮","received-text-contamination","false","","当前校补与传世参照对齐，但仓库没有可逐字验证的甲本释文或乙本图版证据，无法证明它不是由传世本回填；保留原字并进入图版复核队列。","silkA | receivedReference","true","","需要核对帛书乙本原始图版、高清摹本或权威释文。","review-required"
"addition","56","19","3","8","不","不","received-text-contamination","false","","当前校补与传世参照对齐，但仓库没有可逐字验证的甲本释文或乙本图版证据，无法证明它不是由传世本回填；保留原字并进入图版复核队列。","silkA | receivedReference","true","","需要核对帛书乙本原始图版、高清摹本或权威释文。","review-required"
"addition","56","19","3","9","可","可","received-text-contamination","false","","当前校补与传世参照对齐，但仓库没有可逐字验证的甲本释文或乙本图版证据，无法证明它不是由传世本回填；保留原字并进入图版复核队列。","silkA | receivedReference","true","","需要核对帛书乙本原始图版、高清摹本或权威释文。","review-required"
"addition","56","19","3","12","疏","疏","received-text-contamination","false","","当前校补与传世参照对齐，但仓库没有可逐字验证的甲本释文或乙本图版证据，无法证明它不是由传世本回填；保留原字并进入图版复核队列。","silkA | receivedReference","true","","需要核对帛书乙本原始图版、高清摹本或权威释文。","review-required"
"addition","56","19","4","1","不","不","received-text-contamination","false","","当前校补与传世参照对齐，但仓库没有可逐字验证的甲本释文或乙本图版证据，无法证明它不是由传世本回填；保留原字并进入图版复核队列。","silkA | receivedReference","true","","需要核对帛书乙本原始图版、高清摹本或权威释文。","review-required"
"addition","56","19","4","2","可","可","received-text-contamination","false","","当前校补与传世参照对齐，但仓库没有可逐字验证的甲本释文或乙本图版证据，无法证明它不是由传世本回填；保留原字并进入图版复核队列。","silkA | receivedReference","true","","需要核对帛书乙本原始图版、高清摹本或权威释文。","review-required"
"addition","56","19","4","6","亦","亦","insufficient-evidence","false","","当前字无法与传世参照可靠对齐，仓库也没有逐字甲本释文或原始图版；需要核对帛书乙本原始图版、高清摹本或权威释文。","silkA | receivedReference","true","","需要核对帛书乙本原始图版、高清摹本或权威释文。","review-required"
"addition","56","19","4","7","不","不","received-text-contamination","false","","当前校补与传世参照对齐，但仓库没有可逐字验证的甲本释文或乙本图版证据，无法证明它不是由传世本回填；保留原字并进入图版复核队列。","silkA | receivedReference","true","","需要核对帛书乙本原始图版、高清摹本或权威释文。","review-required"
"addition","56","19","4","8","可","可","received-text-contamination","false","","当前校补与传世参照对齐，但仓库没有可逐字验证的甲本释文或乙本图版证据，无法证明它不是由传世本回填；保留原字并进入图版复核队列。","silkA | receivedReference","true","","需要核对帛书乙本原始图版、高清摹本或权威释文。","review-required"
"addition","57","20","4","5","而","而","insufficient-evidence","false","","当前字无法与传世参照可靠对齐，仓库也没有逐字甲本释文或原始图版；需要核对帛书乙本原始图版、高清摹本或权威释文。","silkA | receivedReference","true","","需要核对帛书乙本原始图版、高清摹本或权威释文。","review-required"
"addition","57","20","4","6","邦","邦","conflicting-witnesses","false","","当前校补“邦”与传世参照对齐字“国”不同；仓库没有足够逐字证据裁决，不能自动择一。","silkA | receivedReference","true","国","需要核对帛书乙本原始图版、高清摹本或权威释文。","review-required"
"addition","57","20","4","7","家","家","received-text-contamination","false","","当前校补与传世参照对齐，但仓库没有可逐字验证的甲本释文或乙本图版证据，无法证明它不是由传世本回填；保留原字并进入图版复核队列。","silkA | receivedReference","true","","需要核对帛书乙本原始图版、高清摹本或权威释文。","review-required"
"addition","57","20","4","8","滋","滋","received-text-contamination","false","","当前校补与传世参照对齐，但仓库没有可逐字验证的甲本释文或乙本图版证据，无法证明它不是由传世本回填；保留原字并进入图版复核队列。","silkA | receivedReference","true","","需要核对帛书乙本原始图版、高清摹本或权威释文。","review-required"
"addition","57","20","5","1","人","人","received-text-contamination","false","","当前校补与传世参照对齐，但仓库没有可逐字验证的甲本释文或乙本图版证据，无法证明它不是由传世本回填；保留原字并进入图版复核队列。","silkA | receivedReference","true","","需要核对帛书乙本原始图版、高清摹本或权威释文。","review-required"
"addition","57","20","5","2","多","多","received-text-contamination","false","","当前校补与传世参照对齐，但仓库没有可逐字验证的甲本释文或乙本图版证据，无法证明它不是由传世本回填；保留原字并进入图版复核队列。","silkA | receivedReference","true","","需要核对帛书乙本原始图版、高清摹本或权威释文。","review-required"
"addition","57","20","5","3","智","智","conflicting-witnesses","false","","当前校补“智”与传世参照对齐字“伎”不同；仓库没有足够逐字证据裁决，不能自动择一。","silkA | receivedReference","true","伎","需要核对帛书乙本原始图版、高清摹本或权威释文。","review-required"
"addition","57","20","5","4","巧","巧","received-text-contamination","false","","当前校补与传世参照对齐，但仓库没有可逐字验证的甲本释文或乙本图版证据，无法证明它不是由传世本回填；保留原字并进入图版复核队列。","silkA | receivedReference","true","","需要核对帛书乙本原始图版、高清摹本或权威释文。","review-required"
"addition","57","20","5","5","而","而","insufficient-evidence","false","","当前字无法与传世参照可靠对齐，仓库也没有逐字甲本释文或原始图版；需要核对帛书乙本原始图版、高清摹本或权威释文。","silkA | receivedReference","true","","需要核对帛书乙本原始图版、高清摹本或权威释文。","review-required"
"addition","57","20","5","6","奇","奇","received-text-contamination","false","","当前校补与传世参照对齐，但仓库没有可逐字验证的甲本释文或乙本图版证据，无法证明它不是由传世本回填；保留原字并进入图版复核队列。","silkA | receivedReference","true","","需要核对帛书乙本原始图版、高清摹本或权威释文。","review-required"
"addition","57","20","5","7","物","物","received-text-contamination","false","","当前校补与传世参照对齐，但仓库没有可逐字验证的甲本释文或乙本图版证据，无法证明它不是由传世本回填；保留原字并进入图版复核队列。","silkA | receivedReference","true","","需要核对帛书乙本原始图版、高清摹本或权威释文。","review-required"
"addition","57","20","5","8","滋","滋","received-text-contamination","false","","当前校补与传世参照对齐，但仓库没有可逐字验证的甲本释文或乙本图版证据，无法证明它不是由传世本回填；保留原字并进入图版复核队列。","silkA | receivedReference","true","","需要核对帛书乙本原始图版、高清摹本或权威释文。","review-required"
"addition","57","20","5","9","起","起","received-text-contamination","false","","当前校补与传世参照对齐，但仓库没有可逐字验证的甲本释文或乙本图版证据，无法证明它不是由传世本回填；保留原字并进入图版复核队列。","silkA | receivedReference","true","","需要核对帛书乙本原始图版、高清摹本或权威释文。","review-required"
"addition","57","20","6","1","法","法","received-text-contamination","false","","当前校补与传世参照对齐，但仓库没有可逐字验证的甲本释文或乙本图版证据，无法证明它不是由传世本回填；保留原字并进入图版复核队列。","silkA | receivedReference","true","","需要核对帛书乙本原始图版、高清摹本或权威释文。","review-required"
"addition","57","20","6","8","多","多","received-text-contamination","false","","当前校补与传世参照对齐，但仓库没有可逐字验证的甲本释文或乙本图版证据，无法证明它不是由传世本回填；保留原字并进入图版复核队列。","silkA | receivedReference","true","","需要核对帛书乙本原始图版、高清摹本或权威释文。","review-required"
"addition","57","20","6","9","有","有","received-text-contamination","false","","当前校补与传世参照对齐，但仓库没有可逐字验证的甲本释文或乙本图版证据，无法证明它不是由传世本回填；保留原字并进入图版复核队列。","silkA | receivedReference","true","","需要核对帛书乙本原始图版、高清摹本或权威释文。","review-required"
"addition","57","20","7","3","圣","圣","received-text-contamination","false","","当前校补与传世参照对齐，但仓库没有可逐字验证的甲本释文或乙本图版证据，无法证明它不是由传世本回填；保留原字并进入图版复核队列。","silkA | receivedReference","true","","需要核对帛书乙本原始图版、高清摹本或权威释文。","review-required"
"addition","58","21","2","6","民","民","received-text-contamination","false","","当前校补与传世参照对齐，但仓库没有可逐字验证的甲本释文或乙本图版证据，无法证明它不是由传世本回填；保留原字并进入图版复核队列。","silkA | receivedReference","true","","需要核对帛书乙本原始图版、高清摹本或权威释文。","review-required"
"addition","58","21","2","7","缺","缺","received-text-contamination","false","","当前校补与传世参照对齐，但仓库没有可逐字验证的甲本释文或乙本图版证据，无法证明它不是由传世本回填；保留原字并进入图版复核队列。","silkA | receivedReference","true","","需要核对帛书乙本原始图版、高清摹本或权威释文。","review-required"
"addition","58","21","2","8","缺","缺","received-text-contamination","false","","当前校补与传世参照对齐，但仓库没有可逐字验证的甲本释文或乙本图版证据，无法证明它不是由传世本回填；保留原字并进入图版复核队列。","silkA | receivedReference","true","","需要核对帛书乙本原始图版、高清摹本或权威释文。","review-required"
"addition","58","21","3","1","祸","祸","received-text-contamination","false","","当前校补与传世参照对齐，但仓库没有可逐字验证的甲本释文或乙本图版证据，无法证明它不是由传世本回填；保留原字并进入图版复核队列。","silkA | receivedReference","true","","需要核对帛书乙本原始图版、高清摹本或权威释文。","review-required"
"addition","58","21","3","2","福","福","conflicting-witnesses","false","","当前校补“福”与传世参照对齐字“兮”不同；仓库没有足够逐字证据裁决，不能自动择一。","silkA | receivedReference","true","兮","需要核对帛书乙本原始图版、高清摹本或权威释文。","review-required"
"addition","58","21","3","3","之","之","conflicting-witnesses","false","","当前校补“之”与传世参照对齐字“福”不同；仓库没有足够逐字证据裁决，不能自动择一。","silkA | receivedReference","true","福","需要核对帛书乙本原始图版、高清摹本或权威释文。","review-required"
"addition","58","21","3","4","所","所","received-text-contamination","false","","当前校补与传世参照对齐，但仓库没有可逐字验证的甲本释文或乙本图版证据，无法证明它不是由传世本回填；保留原字并进入图版复核队列。","silkA | receivedReference","true","","需要核对帛书乙本原始图版、高清摹本或权威释文。","review-required"
"addition","58","21","3","5","倚","倚","received-text-contamination","false","","当前校补与传世参照对齐，但仓库没有可逐字验证的甲本释文或乙本图版证据，无法证明它不是由传世本回填；保留原字并进入图版复核队列。","silkA | receivedReference","true","","需要核对帛书乙本原始图版、高清摹本或权威释文。","review-required"
"addition","58","21","4","2","祸","祸","conflicting-witnesses","false","","当前校补“祸”与传世参照对齐字“兮”不同；仓库没有足够逐字证据裁决，不能自动择一。","silkA | receivedReference","true","兮","需要核对帛书乙本原始图版、高清摹本或权威释文。","review-required"
"addition","58","21","6","1","其","其","received-text-contamination","false","","当前校补与传世参照对齐，但仓库没有可逐字验证的甲本释文或乙本图版证据，无法证明它不是由传世本回填；保留原字并进入图版复核队列。","silkA | receivedReference","true","","需要核对帛书乙本原始图版、高清摹本或权威释文。","review-required"
"addition","58","21","7","2","复","复","received-text-contamination","false","","当前校补与传世参照对齐，但仓库没有可逐字验证的甲本释文或乙本图版证据，无法证明它不是由传世本回填；保留原字并进入图版复核队列。","silkA | receivedReference","true","","需要核对帛书乙本原始图版、高清摹本或权威释文。","review-required"
"addition","58","21","7","3","为","为","received-text-contamination","false","","当前校补与传世参照对齐，但仓库没有可逐字验证的甲本释文或乙本图版证据，无法证明它不是由传世本回填；保留原字并进入图版复核队列。","silkA | receivedReference","true","","需要核对帛书乙本原始图版、高清摹本或权威释文。","review-required"
"addition","58","21","7","4","奇","奇","received-text-contamination","false","","当前校补与传世参照对齐，但仓库没有可逐字验证的甲本释文或乙本图版证据，无法证明它不是由传世本回填；保留原字并进入图版复核队列。","silkA | receivedReference","true","","需要核对帛书乙本原始图版、高清摹本或权威释文。","review-required"
"addition","58","21","7","8","妖","妖","conflicting-witnesses","false","","当前校补“妖”与传世参照对齐字“祆”不同；仓库没有足够逐字证据裁决，不能自动择一。","silkA | receivedReference","true","祆","需要核对帛书乙本原始图版、高清摹本或权威释文。","review-required"
"addition","58","21","8","1","人","人","conflicting-witnesses","false","","当前校补“人”与传世参照对齐字“民”不同；仓库没有足够逐字证据裁决，不能自动择一。","silkA | receivedReference","true","民","需要核对帛书乙本原始图版、高清摹本或权威释文。","review-required"
"addition","59","22","3","6","积","积","received-text-contamination","false","","当前校补与传世参照对齐，但仓库没有可逐字验证的甲本释文或乙本图版证据，无法证明它不是由传世本回填；保留原字并进入图版复核队列。","silkA | receivedReference","true","","需要核对帛书乙本原始图版、高清摹本或权威释文。","review-required"
"addition","59","22","3","9","积","积","received-text-contamination","false","","当前校补与传世参照对齐，但仓库没有可逐字验证的甲本释文或乙本图版证据，无法证明它不是由传世本回填；保留原字并进入图版复核队列。","silkA | receivedReference","true","","需要核对帛书乙本原始图版、高清摹本或权威释文。","review-required"
"addition","59","22","3","10","德","德","received-text-contamination","false","","当前校补与传世参照对齐，但仓库没有可逐字验证的甲本释文或乙本图版证据，无法证明它不是由传世本回填；保留原字并进入图版复核队列。","silkA | receivedReference","true","","需要核对帛书乙本原始图版、高清摹本或权威释文。","review-required"
"addition","59","22","3","11","则","则","received-text-contamination","false","","当前校补与传世参照对齐，但仓库没有可逐字验证的甲本释文或乙本图版证据，无法证明它不是由传世本回填；保留原字并进入图版复核队列。","silkA | receivedReference","true","","需要核对帛书乙本原始图版、高清摹本或权威释文。","review-required"
"addition","59","22","3","12","无","无","received-text-contamination","false","","当前校补与传世参照对齐，但仓库没有可逐字验证的甲本释文或乙本图版证据，无法证明它不是由传世本回填；保留原字并进入图版复核队列。","silkA | receivedReference","true","","需要核对帛书乙本原始图版、高清摹本或权威释文。","review-required"
"addition","59","22","3","13","不","不","received-text-contamination","false","","当前校补与传世参照对齐，但仓库没有可逐字验证的甲本释文或乙本图版证据，无法证明它不是由传世本回填；保留原字并进入图版复核队列。","silkA | receivedReference","true","","需要核对帛书乙本原始图版、高清摹本或权威释文。","review-required"
"addition","59","22","3","14","克","克","received-text-contamination","false","","当前校补与传世参照对齐，但仓库没有可逐字验证的甲本释文或乙本图版证据，无法证明它不是由传世本回填；保留原字并进入图版复核队列。","silkA | receivedReference","true","","需要核对帛书乙本原始图版、高清摹本或权威释文。","review-required"
"addition","59","22","3","15","无","无","received-text-contamination","false","","当前校补与传世参照对齐，但仓库没有可逐字验证的甲本释文或乙本图版证据，无法证明它不是由传世本回填；保留原字并进入图版复核队列。","silkA | receivedReference","true","","需要核对帛书乙本原始图版、高清摹本或权威释文。","review-required"
"addition","59","22","3","16","不","不","received-text-contamination","false","","当前校补与传世参照对齐，但仓库没有可逐字验证的甲本释文或乙本图版证据，无法证明它不是由传世本回填；保留原字并进入图版复核队列。","silkA | receivedReference","true","","需要核对帛书乙本原始图版、高清摹本或权威释文。","review-required"
"addition","59","22","3","17","克","克","received-text-contamination","false","","当前校补与传世参照对齐，但仓库没有可逐字验证的甲本释文或乙本图版证据，无法证明它不是由传世本回填；保留原字并进入图版复核队列。","silkA | receivedReference","true","","需要核对帛书乙本原始图版、高清摹本或权威释文。","review-required"
"addition","59","22","3","18","则","则","received-text-contamination","false","","当前校补与传世参照对齐，但仓库没有可逐字验证的甲本释文或乙本图版证据，无法证明它不是由传世本回填；保留原字并进入图版复核队列。","silkA | receivedReference","true","","需要核对帛书乙本原始图版、高清摹本或权威释文。","review-required"
"addition","59","22","3","22","极","极","received-text-contamination","false","","当前校补与传世参照对齐，但仓库没有可逐字验证的甲本释文或乙本图版证据，无法证明它不是由传世本回填；保留原字并进入图版复核队列。","silkA | receivedReference","true","","需要核对帛书乙本原始图版、高清摹本或权威释文。","review-required"
"addition","59","22","4","4","极","极","received-text-contamination","false","","当前校补与传世参照对齐，但仓库没有可逐字验证的甲本释文或乙本图版证据，无法证明它不是由传世本回填；保留原字并进入图版复核队列。","silkA | receivedReference","true","","需要核对帛书乙本原始图版、高清摹本或权威释文。","review-required"
"addition","59","22","4","5","可","可","received-text-contamination","false","","当前校补与传世参照对齐，但仓库没有可逐字验证的甲本释文或乙本图版证据，无法证明它不是由传世本回填；保留原字并进入图版复核队列。","silkA | receivedReference","true","","需要核对帛书乙本原始图版、高清摹本或权威释文。","review-required"
"addition","59","22","4","6","以","以","received-text-contamination","false","","当前校补与传世参照对齐，但仓库没有可逐字验证的甲本释文或乙本图版证据，无法证明它不是由传世本回填；保留原字并进入图版复核队列。","silkA | receivedReference","true","","需要核对帛书乙本原始图版、高清摹本或权威释文。","review-required"
"addition","59","22","5","6","以","以","received-text-contamination","false","","当前校补与传世参照对齐，但仓库没有可逐字验证的甲本释文或乙本图版证据，无法证明它不是由传世本回填；保留原字并进入图版复核队列。","silkA | receivedReference","true","","需要核对帛书乙本原始图版、高清摹本或权威释文。","review-required"
"addition","59","22","5","7","长","长","received-text-contamination","false","","当前校补与传世参照对齐，但仓库没有可逐字验证的甲本释文或乙本图版证据，无法证明它不是由传世本回填；保留原字并进入图版复核队列。","silkA | receivedReference","true","","需要核对帛书乙本原始图版、高清摹本或权威释文。","review-required"
"addition","59","22","6","3","深","深","received-text-contamination","false","","当前校补与传世参照对齐，但仓库没有可逐字验证的甲本释文或乙本图版证据，无法证明它不是由传世本回填；保留原字并进入图版复核队列。","silkA | receivedReference","true","","需要核对帛书乙本原始图版、高清摹本或权威释文。","review-required"
"addition","60","23","4","8","圣","圣","received-text-contamination","false","","当前校补与传世参照对齐，但仓库没有可逐字验证的甲本释文或乙本图版证据，无法证明它不是由传世本回填；保留原字并进入图版复核队列。","silkA | receivedReference","true","","需要核对帛书乙本原始图版、高清摹本或权威释文。","review-required"
"addition","60","23","4","9","人","人","received-text-contamination","false","","当前校补与传世参照对齐，但仓库没有可逐字验证的甲本释文或乙本图版证据，无法证明它不是由传世本回填；保留原字并进入图版复核队列。","silkA | receivedReference","true","","需要核对帛书乙本原始图版、高清摹本或权威释文。","review-required"
"addition","60","23","4","10","亦","亦","received-text-contamination","false","","当前校补与传世参照对齐，但仓库没有可逐字验证的甲本释文或乙本图版证据，无法证明它不是由传世本回填；保留原字并进入图版复核队列。","silkA | receivedReference","true","","需要核对帛书乙本原始图版、高清摹本或权威释文。","review-required"
"addition","60","23","5","3","不","不","received-text-contamination","false","","当前校补与传世参照对齐，但仓库没有可逐字验证的甲本释文或乙本图版证据，无法证明它不是由传世本回填；保留原字并进入图版复核队列。","silkA | receivedReference","true","","需要核对帛书乙本原始图版、高清摹本或权威释文。","review-required"
"addition","61","24","1","3","者","者","received-text-contamination","false","","当前校补与传世参照对齐，但仓库没有可逐字验证的甲本释文或乙本图版证据，无法证明它不是由传世本回填；保留原字并进入图版复核队列。","silkA | receivedReference","true","","需要核对帛书乙本原始图版、高清摹本或权威释文。","review-required"
"addition","61","24","1","4","下","下","received-text-contamination","false","","当前校补与传世参照对齐，但仓库没有可逐字验证的甲本释文或乙本图版证据，无法证明它不是由传世本回填；保留原字并进入图版复核队列。","silkA | receivedReference","true","","需要核对帛书乙本原始图版、高清摹本或权威释文。","review-required"
"addition","61","24","1","5","流","流","received-text-contamination","false","","当前校补与传世参照对齐，但仓库没有可逐字验证的甲本释文或乙本图版证据，无法证明它不是由传世本回填；保留原字并进入图版复核队列。","silkA | receivedReference","true","","需要核对帛书乙本原始图版、高清摹本或权威释文。","review-required"
"addition","61","24","1","6","也","也","insufficient-evidence","false","","当前字无法与传世参照可靠对齐，仓库也没有逐字甲本释文或原始图版；需要核对帛书乙本原始图版、高清摹本或权威释文。","silkA | receivedReference","true","","需要核对帛书乙本原始图版、高清摹本或权威释文。","review-required"
"addition","61","24","1","7","天","天","received-text-contamination","false","","当前校补与传世参照对齐，但仓库没有可逐字验证的甲本释文或乙本图版证据，无法证明它不是由传世本回填；保留原字并进入图版复核队列。","silkA | receivedReference","true","","需要核对帛书乙本原始图版、高清摹本或权威释文。","review-required"
"addition","61","24","1","8","下","下","received-text-contamination","false","","当前校补与传世参照对齐，但仓库没有可逐字验证的甲本释文或乙本图版证据，无法证明它不是由传世本回填；保留原字并进入图版复核队列。","silkA | receivedReference","true","","需要核对帛书乙本原始图版、高清摹本或权威释文。","review-required"
"addition","61","24","1","9","之","之","received-text-contamination","false","","当前校补与传世参照对齐，但仓库没有可逐字验证的甲本释文或乙本图版证据，无法证明它不是由传世本回填；保留原字并进入图版复核队列。","silkA | receivedReference","true","","需要核对帛书乙本原始图版、高清摹本或权威释文。","review-required"
"addition","61","24","3","5","小","小","received-text-contamination","false","","当前校补与传世参照对齐，但仓库没有可逐字验证的甲本释文或乙本图版证据，无法证明它不是由传世本回填；保留原字并进入图版复核队列。","silkA | receivedReference","true","","需要核对帛书乙本原始图版、高清摹本或权威释文。","review-required"
"addition","61","24","5","4","以","以","received-text-contamination","false","","当前校补与传世参照对齐，但仓库没有可逐字验证的甲本释文或乙本图版证据，无法证明它不是由传世本回填；保留原字并进入图版复核队列。","silkA | receivedReference","true","","需要核对帛书乙本原始图版、高清摹本或权威释文。","review-required"
"addition","61","24","5","5","取","取","received-text-contamination","false","","当前校补与传世参照对齐，但仓库没有可逐字验证的甲本释文或乙本图版证据，无法证明它不是由传世本回填；保留原字并进入图版复核队列。","silkA | receivedReference","true","","需要核对帛书乙本原始图版、高清摹本或权威释文。","review-required"
"addition","61","24","5","6","或","或","received-text-contamination","false","","当前校补与传世参照对齐，但仓库没有可逐字验证的甲本释文或乙本图版证据，无法证明它不是由传世本回填；保留原字并进入图版复核队列。","silkA | receivedReference","true","","需要核对帛书乙本原始图版、高清摹本或权威释文。","review-required"
"addition","61","24","6","6","过","过","received-text-contamination","false","","当前校补与传世参照对齐，但仓库没有可逐字验证的甲本释文或乙本图版证据，无法证明它不是由传世本回填；保留原字并进入图版复核队列。","silkA | receivedReference","true","","需要核对帛书乙本原始图版、高清摹本或权威释文。","review-required"
"addition","61","24","7","2","邦","邦","insufficient-evidence","false","","当前字无法与传世参照可靠对齐，仓库也没有逐字甲本释文或原始图版；需要核对帛书乙本原始图版、高清摹本或权威释文。","silkA | receivedReference","true","","需要核对帛书乙本原始图版、高清摹本或权威释文。","review-required"
"addition","61","24","7","5","过","过","received-text-contamination","false","","当前校补与传世参照对齐，但仓库没有可逐字验证的甲本释文或乙本图版证据，无法证明它不是由传世本回填；保留原字并进入图版复核队列。","silkA | receivedReference","true","","需要核对帛书乙本原始图版、高清摹本或权威释文。","review-required"
"addition","61","24","8","2","皆","皆","conflicting-witnesses","false","","当前校补“皆”与传世参照对齐字“各”不同；仓库没有足够逐字证据裁决，不能自动择一。","silkA | receivedReference","true","各","需要核对帛书乙本原始图版、高清摹本或权威释文。","review-required"
"addition","61","24","8","3","得","得","received-text-contamination","false","","当前校补与传世参照对齐，但仓库没有可逐字验证的甲本释文或乙本图版证据，无法证明它不是由传世本回填；保留原字并进入图版复核队列。","silkA | receivedReference","true","","需要核对帛书乙本原始图版、高清摹本或权威释文。","review-required"
"addition","62","25","3","5","也","也","insufficient-evidence","false","","当前字无法与传世参照可靠对齐，仓库也没有逐字甲本释文或原始图版；需要核对帛书乙本原始图版、高清摹本或权威释文。","silkA | receivedReference","true","","需要核对帛书乙本原始图版、高清摹本或权威释文。","review-required"
"addition","62","25","3","7","弃","弃","received-text-contamination","false","","当前校补与传世参照对齐，但仓库没有可逐字验证的甲本释文或乙本图版证据，无法证明它不是由传世本回填；保留原字并进入图版复核队列。","silkA | receivedReference","true","","需要核对帛书乙本原始图版、高清摹本或权威释文。","review-required"
"addition","62","25","3","8","之","之","received-text-contamination","false","","当前校补与传世参照对齐，但仓库没有可逐字验证的甲本释文或乙本图版证据，无法证明它不是由传世本回填；保留原字并进入图版复核队列。","silkA | receivedReference","true","","需要核对帛书乙本原始图版、高清摹本或权威释文。","review-required"
"addition","62","25","3","9","有","有","received-text-contamination","false","","当前校补与传世参照对齐，但仓库没有可逐字验证的甲本释文或乙本图版证据，无法证明它不是由传世本回填；保留原字并进入图版复核队列。","silkA | receivedReference","true","","需要核对帛书乙本原始图版、高清摹本或权威释文。","review-required"
"addition","62","25","4","1","故","故","received-text-contamination","false","","当前校补与传世参照对齐，但仓库没有可逐字验证的甲本释文或乙本图版证据，无法证明它不是由传世本回填；保留原字并进入图版复核队列。","silkA | receivedReference","true","","需要核对帛书乙本原始图版、高清摹本或权威释文。","review-required"
"addition","62","25","4","10","拱","拱","received-text-contamination","false","","当前校补与传世参照对齐，但仓库没有可逐字验证的甲本释文或乙本图版证据，无法证明它不是由传世本回填；保留原字并进入图版复核队列。","silkA | receivedReference","true","","需要核对帛书乙本原始图版、高清摹本或权威释文。","review-required"
"addition","62","25","4","11","之","之","insufficient-evidence","false","","当前字无法与传世参照可靠对齐，仓库也没有逐字甲本释文或原始图版；需要核对帛书乙本原始图版、高清摹本或权威释文。","silkA | receivedReference","true","","需要核对帛书乙本原始图版、高清摹本或权威释文。","review-required"
"addition","62","25","5","2","之","之","received-text-contamination","false","","当前校补与传世参照对齐，但仓库没有可逐字验证的甲本释文或乙本图版证据，无法证明它不是由传世本回填；保留原字并进入图版复核队列。","silkA | receivedReference","true","","需要核对帛书乙本原始图版、高清摹本或权威释文。","review-required"
"addition","62","25","5","3","所","所","received-text-contamination","false","","当前校补与传世参照对齐，但仓库没有可逐字验证的甲本释文或乙本图版证据，无法证明它不是由传世本回填；保留原字并进入图版复核队列。","silkA | receivedReference","true","","需要核对帛书乙本原始图版、高清摹本或权威释文。","review-required"
"addition","62","25","5","4","以","以","received-text-contamination","false","","当前校补与传世参照对齐，但仓库没有可逐字验证的甲本释文或乙本图版证据，无法证明它不是由传世本回填；保留原字并进入图版复核队列。","silkA | receivedReference","true","","需要核对帛书乙本原始图版、高清摹本或权威释文。","review-required"
"addition","62","25","5","5","贵","贵","received-text-contamination","false","","当前校补与传世参照对齐，但仓库没有可逐字验证的甲本释文或乙本图版证据，无法证明它不是由传世本回填；保留原字并进入图版复核队列。","silkA | receivedReference","true","","需要核对帛书乙本原始图版、高清摹本或权威释文。","review-required"
"addition","62","25","5","6","此","此","received-text-contamination","false","","当前校补与传世参照对齐，但仓库没有可逐字验证的甲本释文或乙本图版证据，无法证明它不是由传世本回填；保留原字并进入图版复核队列。","silkA | receivedReference","true","","需要核对帛书乙本原始图版、高清摹本或权威释文。","review-required"
"addition","62","25","5","7","者","者","received-text-contamination","false","","当前校补与传世参照对齐，但仓库没有可逐字验证的甲本释文或乙本图版证据，无法证明它不是由传世本回填；保留原字并进入图版复核队列。","silkA | receivedReference","true","","需要核对帛书乙本原始图版、高清摹本或权威释文。","review-required"
"addition","62","25","5","8","何","何","received-text-contamination","false","","当前校补与传世参照对齐，但仓库没有可逐字验证的甲本释文或乙本图版证据，无法证明它不是由传世本回填；保留原字并进入图版复核队列。","silkA | receivedReference","true","","需要核对帛书乙本原始图版、高清摹本或权威释文。","review-required"
"addition","62","25","5","9","也","也","insufficient-evidence","false","","当前字无法与传世参照可靠对齐，仓库也没有逐字甲本释文或原始图版；需要核对帛书乙本原始图版、高清摹本或权威释文。","silkA | receivedReference","true","","需要核对帛书乙本原始图版、高清摹本或权威释文。","review-required"
"addition","63","26","1","4","事","事","received-text-contamination","false","","当前校补与传世参照对齐，但仓库没有可逐字验证的甲本释文或乙本图版证据，无法证明它不是由传世本回填；保留原字并进入图版复核队列。","silkA | receivedReference","true","","需要核对帛书乙本原始图版、高清摹本或权威释文。","review-required"
"addition","63","26","1","5","无","无","received-text-contamination","false","","当前校补与传世参照对齐，但仓库没有可逐字验证的甲本释文或乙本图版证据，无法证明它不是由传世本回填；保留原字并进入图版复核队列。","silkA | receivedReference","true","","需要核对帛书乙本原始图版、高清摹本或权威释文。","review-required"
"addition","63","26","1","6","事","事","received-text-contamination","false","","当前校补与传世参照对齐，但仓库没有可逐字验证的甲本释文或乙本图版证据，无法证明它不是由传世本回填；保留原字并进入图版复核队列。","silkA | receivedReference","true","","需要核对帛书乙本原始图版、高清摹本或权威释文。","review-required"
"addition","63","26","1","7","味","味","received-text-contamination","false","","当前校补与传世参照对齐，但仓库没有可逐字验证的甲本释文或乙本图版证据，无法证明它不是由传世本回填；保留原字并进入图版复核队列。","silkA | receivedReference","true","","需要核对帛书乙本原始图版、高清摹本或权威释文。","review-required"
"addition","63","26","1","8","无","无","received-text-contamination","false","","当前校补与传世参照对齐，但仓库没有可逐字验证的甲本释文或乙本图版证据，无法证明它不是由传世本回填；保留原字并进入图版复核队列。","silkA | receivedReference","true","","需要核对帛书乙本原始图版、高清摹本或权威释文。","review-required"
"addition","63","26","1","9","味","味","received-text-contamination","false","","当前校补与传世参照对齐，但仓库没有可逐字验证的甲本释文或乙本图版证据，无法证明它不是由传世本回填；保留原字并进入图版复核队列。","silkA | receivedReference","true","","需要核对帛书乙本原始图版、高清摹本或权威释文。","review-required"
"addition","63","26","2","1","大","大","received-text-contamination","false","","当前校补与传世参照对齐，但仓库没有可逐字验证的甲本释文或乙本图版证据，无法证明它不是由传世本回填；保留原字并进入图版复核队列。","silkA | receivedReference","true","","需要核对帛书乙本原始图版、高清摹本或权威释文。","review-required"
"addition","63","26","2","2","小","小","received-text-contamination","false","","当前校补与传世参照对齐，但仓库没有可逐字验证的甲本释文或乙本图版证据，无法证明它不是由传世本回填；保留原字并进入图版复核队列。","silkA | receivedReference","true","","需要核对帛书乙本原始图版、高清摹本或权威释文。","review-required"
"addition","63","26","2","3","多","多","received-text-contamination","false","","当前校补与传世参照对齐，但仓库没有可逐字验证的甲本释文或乙本图版证据，无法证明它不是由传世本回填；保留原字并进入图版复核队列。","silkA | receivedReference","true","","需要核对帛书乙本原始图版、高清摹本或权威释文。","review-required"
"addition","63","26","2","4","少","少","received-text-contamination","false","","当前校补与传世参照对齐，但仓库没有可逐字验证的甲本释文或乙本图版证据，无法证明它不是由传世本回填；保留原字并进入图版复核队列。","silkA | receivedReference","true","","需要核对帛书乙本原始图版、高清摹本或权威释文。","review-required"
"addition","63","26","2","5","报","报","received-text-contamination","false","","当前校补与传世参照对齐，但仓库没有可逐字验证的甲本释文或乙本图版证据，无法证明它不是由传世本回填；保留原字并进入图版复核队列。","silkA | receivedReference","true","","需要核对帛书乙本原始图版、高清摹本或权威释文。","review-required"
"addition","63","26","2","6","怨","怨","received-text-contamination","false","","当前校补与传世参照对齐，但仓库没有可逐字验证的甲本释文或乙本图版证据，无法证明它不是由传世本回填；保留原字并进入图版复核队列。","silkA | receivedReference","true","","需要核对帛书乙本原始图版、高清摹本或权威释文。","review-required"
"addition","63","26","2","7","以","以","received-text-contamination","false","","当前校补与传世参照对齐，但仓库没有可逐字验证的甲本释文或乙本图版证据，无法证明它不是由传世本回填；保留原字并进入图版复核队列。","silkA | receivedReference","true","","需要核对帛书乙本原始图版、高清摹本或权威释文。","review-required"
"addition","63","26","2","8","德","德","received-text-contamination","false","","当前校补与传世参照对齐，但仓库没有可逐字验证的甲本释文或乙本图版证据，无法证明它不是由传世本回填；保留原字并进入图版复核队列。","silkA | receivedReference","true","","需要核对帛书乙本原始图版、高清摹本或权威释文。","review-required"
"addition","63","26","3","1","图","图","received-text-contamination","false","","当前校补与传世参照对齐，但仓库没有可逐字验证的甲本释文或乙本图版证据，无法证明它不是由传世本回填；保留原字并进入图版复核队列。","silkA | receivedReference","true","","需要核对帛书乙本原始图版、高清摹本或权威释文。","review-required"
"addition","63","26","3","2","难","难","received-text-contamination","false","","当前校补与传世参照对齐，但仓库没有可逐字验证的甲本释文或乙本图版证据，无法证明它不是由传世本回填；保留原字并进入图版复核队列。","silkA | receivedReference","true","","需要核对帛书乙本原始图版、高清摹本或权威释文。","review-required"
"addition","63","26","3","3","乎","乎","conflicting-witnesses","false","","当前校补“乎”与传世参照对齐字“於”不同；仓库没有足够逐字证据裁决，不能自动择一。","silkA | receivedReference","true","於","需要核对帛书乙本原始图版、高清摹本或权威释文。","review-required"
"addition","63","26","3","4","其","其","received-text-contamination","false","","当前校补与传世参照对齐，但仓库没有可逐字验证的甲本释文或乙本图版证据，无法证明它不是由传世本回填；保留原字并进入图版复核队列。","silkA | receivedReference","true","","需要核对帛书乙本原始图版、高清摹本或权威释文。","review-required"
"addition","63","26","3","5","易","易","received-text-contamination","false","","当前校补与传世参照对齐，但仓库没有可逐字验证的甲本释文或乙本图版证据，无法证明它不是由传世本回填；保留原字并进入图版复核队列。","silkA | receivedReference","true","","需要核对帛书乙本原始图版、高清摹本或权威释文。","review-required"
"addition","63","26","3","6","也","也","insufficient-evidence","false","","当前字无法与传世参照可靠对齐，仓库也没有逐字甲本释文或原始图版；需要核对帛书乙本原始图版、高清摹本或权威释文。","silkA | receivedReference","true","","需要核对帛书乙本原始图版、高清摹本或权威释文。","review-required"
"addition","63","26","3","7","为","为","received-text-contamination","false","","当前校补与传世参照对齐，但仓库没有可逐字验证的甲本释文或乙本图版证据，无法证明它不是由传世本回填；保留原字并进入图版复核队列。","silkA | receivedReference","true","","需要核对帛书乙本原始图版、高清摹本或权威释文。","review-required"
"addition","63","26","3","8","大","大","received-text-contamination","false","","当前校补与传世参照对齐，但仓库没有可逐字验证的甲本释文或乙本图版证据，无法证明它不是由传世本回填；保留原字并进入图版复核队列。","silkA | receivedReference","true","","需要核对帛书乙本原始图版、高清摹本或权威释文。","review-required"
"addition","63","26","4","4","难","难","received-text-contamination","false","","当前校补与传世参照对齐，但仓库没有可逐字验证的甲本释文或乙本图版证据，无法证明它不是由传世本回填；保留原字并进入图版复核队列。","silkA | receivedReference","true","","需要核对帛书乙本原始图版、高清摹本或权威释文。","review-required"
"addition","63","26","4","5","作","作","received-text-contamination","false","","当前校补与传世参照对齐，但仓库没有可逐字验证的甲本释文或乙本图版证据，无法证明它不是由传世本回填；保留原字并进入图版复核队列。","silkA | receivedReference","true","","需要核对帛书乙本原始图版、高清摹本或权威释文。","review-required"
"addition","63","26","4","6","于","于","conflicting-witnesses","false","","当前校补“于”与传世参照对齐字“於”不同；仓库没有足够逐字证据裁决，不能自动择一。","silkA | receivedReference","true","於","需要核对帛书乙本原始图版、高清摹本或权威释文。","review-required"
"addition","63","26","4","12","作","作","received-text-contamination","false","","当前校补与传世参照对齐，但仓库没有可逐字验证的甲本释文或乙本图版证据，无法证明它不是由传世本回填；保留原字并进入图版复核队列。","silkA | receivedReference","true","","需要核对帛书乙本原始图版、高清摹本或权威释文。","review-required"
"addition","63","26","4","13","于","于","conflicting-witnesses","false","","当前校补“于”与传世参照对齐字“於”不同；仓库没有足够逐字证据裁决，不能自动择一。","silkA | receivedReference","true","於","需要核对帛书乙本原始图版、高清摹本或权威释文。","review-required"
"addition","63","26","4","14","细","细","received-text-contamination","false","","当前校补与传世参照对齐，但仓库没有可逐字验证的甲本释文或乙本图版证据，无法证明它不是由传世本回填；保留原字并进入图版复核队列。","silkA | receivedReference","true","","需要核对帛书乙本原始图版、高清摹本或权威释文。","review-required"
"addition","63","26","5","1","是","是","received-text-contamination","false","","当前校补与传世参照对齐，但仓库没有可逐字验证的甲本释文或乙本图版证据，无法证明它不是由传世本回填；保留原字并进入图版复核队列。","silkA | receivedReference","true","","需要核对帛书乙本原始图版、高清摹本或权威释文。","review-required"
"addition","63","26","5","2","以","以","received-text-contamination","false","","当前校补与传世参照对齐，但仓库没有可逐字验证的甲本释文或乙本图版证据，无法证明它不是由传世本回填；保留原字并进入图版复核队列。","silkA | receivedReference","true","","需要核对帛书乙本原始图版、高清摹本或权威释文。","review-required"
"addition","63","26","5","3","圣","圣","received-text-contamination","false","","当前校补与传世参照对齐，但仓库没有可逐字验证的甲本释文或乙本图版证据，无法证明它不是由传世本回填；保留原字并进入图版复核队列。","silkA | receivedReference","true","","需要核对帛书乙本原始图版、高清摹本或权威释文。","review-required"
"addition","63","26","5","4","人","人","received-text-contamination","false","","当前校补与传世参照对齐，但仓库没有可逐字验证的甲本释文或乙本图版证据，无法证明它不是由传世本回填；保留原字并进入图版复核队列。","silkA | receivedReference","true","","需要核对帛书乙本原始图版、高清摹本或权威释文。","review-required"
"addition","63","26","5","5","终","终","received-text-contamination","false","","当前校补与传世参照对齐，但仓库没有可逐字验证的甲本释文或乙本图版证据，无法证明它不是由传世本回填；保留原字并进入图版复核队列。","silkA | receivedReference","true","","需要核对帛书乙本原始图版、高清摹本或权威释文。","review-required"
"addition","63","26","5","6","不","不","received-text-contamination","false","","当前校补与传世参照对齐，但仓库没有可逐字验证的甲本释文或乙本图版证据，无法证明它不是由传世本回填；保留原字并进入图版复核队列。","silkA | receivedReference","true","","需要核对帛书乙本原始图版、高清摹本或权威释文。","review-required"
"addition","63","26","5","7","为","为","received-text-contamination","false","","当前校补与传世参照对齐，但仓库没有可逐字验证的甲本释文或乙本图版证据，无法证明它不是由传世本回填；保留原字并进入图版复核队列。","silkA | receivedReference","true","","需要核对帛书乙本原始图版、高清摹本或权威释文。","review-required"
"addition","63","26","5","8","大","大","received-text-contamination","false","","当前校补与传世参照对齐，但仓库没有可逐字验证的甲本释文或乙本图版证据，无法证明它不是由传世本回填；保留原字并进入图版复核队列。","silkA | receivedReference","true","","需要核对帛书乙本原始图版、高清摹本或权威释文。","review-required"
"addition","63","26","5","9","故","故","received-text-contamination","false","","当前校补与传世参照对齐，但仓库没有可逐字验证的甲本释文或乙本图版证据，无法证明它不是由传世本回填；保留原字并进入图版复核队列。","silkA | receivedReference","true","","需要核对帛书乙本原始图版、高清摹本或权威释文。","review-required"
"addition","63","26","5","10","能","能","received-text-contamination","false","","当前校补与传世参照对齐，但仓库没有可逐字验证的甲本释文或乙本图版证据，无法证明它不是由传世本回填；保留原字并进入图版复核队列。","silkA | receivedReference","true","","需要核对帛书乙本原始图版、高清摹本或权威释文。","review-required"
"addition","63","26","5","11","成","成","received-text-contamination","false","","当前校补与传世参照对齐，但仓库没有可逐字验证的甲本释文或乙本图版证据，无法证明它不是由传世本回填；保留原字并进入图版复核队列。","silkA | receivedReference","true","","需要核对帛书乙本原始图版、高清摹本或权威释文。","review-required"
"addition","63","26","5","12","其","其","received-text-contamination","false","","当前校补与传世参照对齐，但仓库没有可逐字验证的甲本释文或乙本图版证据，无法证明它不是由传世本回填；保留原字并进入图版复核队列。","silkA | receivedReference","true","","需要核对帛书乙本原始图版、高清摹本或权威释文。","review-required"
"addition","63","26","5","13","大","大","received-text-contamination","false","","当前校补与传世参照对齐，但仓库没有可逐字验证的甲本释文或乙本图版证据，无法证明它不是由传世本回填；保留原字并进入图版复核队列。","silkA | receivedReference","true","","需要核对帛书乙本原始图版、高清摹本或权威释文。","review-required"
"addition","63","26","6","4","必","必","received-text-contamination","false","","当前校补与传世参照对齐，但仓库没有可逐字验证的甲本释文或乙本图版证据，无法证明它不是由传世本回填；保留原字并进入图版复核队列。","silkA | receivedReference","true","","需要核对帛书乙本原始图版、高清摹本或权威释文。","review-required"
"addition","63","26","6","5","寡","寡","received-text-contamination","false","","当前校补与传世参照对齐，但仓库没有可逐字验证的甲本释文或乙本图版证据，无法证明它不是由传世本回填；保留原字并进入图版复核队列。","silkA | receivedReference","true","","需要核对帛书乙本原始图版、高清摹本或权威释文。","review-required"
"addition","63","26","7","5","犹","犹","received-text-contamination","false","","当前校补与传世参照对齐，但仓库没有可逐字验证的甲本释文或乙本图版证据，无法证明它不是由传世本回填；保留原字并进入图版复核队列。","silkA | receivedReference","true","","需要核对帛书乙本原始图版、高清摹本或权威释文。","review-required"
"addition","63","26","7","6","难","难","received-text-contamination","false","","当前校补与传世参照对齐，但仓库没有可逐字验证的甲本释文或乙本图版证据，无法证明它不是由传世本回填；保留原字并进入图版复核队列。","silkA | receivedReference","true","","需要核对帛书乙本原始图版、高清摹本或权威释文。","review-required"
"addition","63","26","7","9","终","终","received-text-contamination","false","","当前校补与传世参照对齐，但仓库没有可逐字验证的甲本释文或乙本图版证据，无法证明它不是由传世本回填；保留原字并进入图版复核队列。","silkA | receivedReference","true","","需要核对帛书乙本原始图版、高清摹本或权威释文。","review-required"
"addition","63","26","7","10","于","于","insufficient-evidence","false","","当前字无法与传世参照可靠对齐，仓库也没有逐字甲本释文或原始图版；需要核对帛书乙本原始图版、高清摹本或权威释文。","silkA | receivedReference","true","","需要核对帛书乙本原始图版、高清摹本或权威释文。","review-required"
"addition","63","26","7","11","无","无","received-text-contamination","false","","当前校补与传世参照对齐，但仓库没有可逐字验证的甲本释文或乙本图版证据，无法证明它不是由传世本回填；保留原字并进入图版复核队列。","silkA | receivedReference","true","","需要核对帛书乙本原始图版、高清摹本或权威释文。","review-required"
"addition","63","26","7","12","难","难","received-text-contamination","false","","当前校补与传世参照对齐，但仓库没有可逐字验证的甲本释文或乙本图版证据，无法证明它不是由传世本回填；保留原字并进入图版复核队列。","silkA | receivedReference","true","","需要核对帛书乙本原始图版、高清摹本或权威释文。","review-required"
"addition","64","27","1","1","其","其","received-text-contamination","false","","当前校补与传世参照对齐，但仓库没有可逐字验证的甲本释文或乙本图版证据，无法证明它不是由传世本回填；保留原字并进入图版复核队列。","silkA | receivedReference","true","","需要核对帛书乙本原始图版、高清摹本或权威释文。","review-required"
"addition","64","27","1","2","安","安","received-text-contamination","false","","当前校补与传世参照对齐，但仓库没有可逐字验证的甲本释文或乙本图版证据，无法证明它不是由传世本回填；保留原字并进入图版复核队列。","silkA | receivedReference","true","","需要核对帛书乙本原始图版、高清摹本或权威释文。","review-required"
"addition","64","27","1","3","也","也","insufficient-evidence","false","","当前字无法与传世参照可靠对齐，仓库也没有逐字甲本释文或原始图版；需要核对帛书乙本原始图版、高清摹本或权威释文。","silkA | receivedReference","true","","需要核对帛书乙本原始图版、高清摹本或权威释文。","review-required"
"addition","64","27","1","4","易","易","received-text-contamination","false","","当前校补与传世参照对齐，但仓库没有可逐字验证的甲本释文或乙本图版证据，无法证明它不是由传世本回填；保留原字并进入图版复核队列。","silkA | receivedReference","true","","需要核对帛书乙本原始图版、高清摹本或权威释文。","review-required"
"addition","64","27","1","5","持","持","received-text-contamination","false","","当前校补与传世参照对齐，但仓库没有可逐字验证的甲本释文或乙本图版证据，无法证明它不是由传世本回填；保留原字并进入图版复核队列。","silkA | receivedReference","true","","需要核对帛书乙本原始图版、高清摹本或权威释文。","review-required"
"addition","64","27","1","6","也","也","insufficient-evidence","false","","当前字无法与传世参照可靠对齐，仓库也没有逐字甲本释文或原始图版；需要核对帛书乙本原始图版、高清摹本或权威释文。","silkA | receivedReference","true","","需要核对帛书乙本原始图版、高清摹本或权威释文。","review-required"
"addition","64","27","2","1","其","其","received-text-contamination","false","","当前校补与传世参照对齐，但仓库没有可逐字验证的甲本释文或乙本图版证据，无法证明它不是由传世本回填；保留原字并进入图版复核队列。","silkA | receivedReference","true","","需要核对帛书乙本原始图版、高清摹本或权威释文。","review-required"
"addition","64","27","2","2","未","未","received-text-contamination","false","","当前校补与传世参照对齐，但仓库没有可逐字验证的甲本释文或乙本图版证据，无法证明它不是由传世本回填；保留原字并进入图版复核队列。","silkA | receivedReference","true","","需要核对帛书乙本原始图版、高清摹本或权威释文。","review-required"
"addition","64","27","2","3","兆","兆","received-text-contamination","false","","当前校补与传世参照对齐，但仓库没有可逐字验证的甲本释文或乙本图版证据，无法证明它不是由传世本回填；保留原字并进入图版复核队列。","silkA | receivedReference","true","","需要核对帛书乙本原始图版、高清摹本或权威释文。","review-required"
"addition","64","27","2","4","也","也","insufficient-evidence","false","","当前字无法与传世参照可靠对齐，仓库也没有逐字甲本释文或原始图版；需要核对帛书乙本原始图版、高清摹本或权威释文。","silkA | receivedReference","true","","需要核对帛书乙本原始图版、高清摹本或权威释文。","review-required"
"addition","64","27","2","5","易","易","received-text-contamination","false","","当前校补与传世参照对齐，但仓库没有可逐字验证的甲本释文或乙本图版证据，无法证明它不是由传世本回填；保留原字并进入图版复核队列。","silkA | receivedReference","true","","需要核对帛书乙本原始图版、高清摹本或权威释文。","review-required"
"addition","64","27","2","6","谋","谋","received-text-contamination","false","","当前校补与传世参照对齐，但仓库没有可逐字验证的甲本释文或乙本图版证据，无法证明它不是由传世本回填；保留原字并进入图版复核队列。","silkA | receivedReference","true","","需要核对帛书乙本原始图版、高清摹本或权威释文。","review-required"
"addition","64","27","2","7","也","也","insufficient-evidence","false","","当前字无法与传世参照可靠对齐，仓库也没有逐字甲本释文或原始图版；需要核对帛书乙本原始图版、高清摹本或权威释文。","silkA | receivedReference","true","","需要核对帛书乙本原始图版、高清摹本或权威释文。","review-required"
"addition","64","27","3","1","其","其","received-text-contamination","false","","当前校补与传世参照对齐，但仓库没有可逐字验证的甲本释文或乙本图版证据，无法证明它不是由传世本回填；保留原字并进入图版复核队列。","silkA | receivedReference","true","","需要核对帛书乙本原始图版、高清摹本或权威释文。","review-required"
"addition","64","27","3","2","脆","脆","received-text-contamination","false","","当前校补与传世参照对齐，但仓库没有可逐字验证的甲本释文或乙本图版证据，无法证明它不是由传世本回填；保留原字并进入图版复核队列。","silkA | receivedReference","true","","需要核对帛书乙本原始图版、高清摹本或权威释文。","review-required"
"addition","64","27","3","3","也","也","insufficient-evidence","false","","当前字无法与传世参照可靠对齐，仓库也没有逐字甲本释文或原始图版；需要核对帛书乙本原始图版、高清摹本或权威释文。","silkA | receivedReference","true","","需要核对帛书乙本原始图版、高清摹本或权威释文。","review-required"
"addition","64","27","3","4","易","易","received-text-contamination","false","","当前校补与传世参照对齐，但仓库没有可逐字验证的甲本释文或乙本图版证据，无法证明它不是由传世本回填；保留原字并进入图版复核队列。","silkA | receivedReference","true","","需要核对帛书乙本原始图版、高清摹本或权威释文。","review-required"
"addition","64","27","3","5","破","破","received-text-contamination","false","","当前校补与传世参照对齐，但仓库没有可逐字验证的甲本释文或乙本图版证据，无法证明它不是由传世本回填；保留原字并进入图版复核队列。","silkA | receivedReference","true","","需要核对帛书乙本原始图版、高清摹本或权威释文。","review-required"
"addition","64","27","3","6","也","也","insufficient-evidence","false","","当前字无法与传世参照可靠对齐，仓库也没有逐字甲本释文或原始图版；需要核对帛书乙本原始图版、高清摹本或权威释文。","silkA | receivedReference","true","","需要核对帛书乙本原始图版、高清摹本或权威释文。","review-required"
"addition","64","27","4","1","其","其","received-text-contamination","false","","当前校补与传世参照对齐，但仓库没有可逐字验证的甲本释文或乙本图版证据，无法证明它不是由传世本回填；保留原字并进入图版复核队列。","silkA | receivedReference","true","","需要核对帛书乙本原始图版、高清摹本或权威释文。","review-required"
"addition","64","27","4","2","微","微","received-text-contamination","false","","当前校补与传世参照对齐，但仓库没有可逐字验证的甲本释文或乙本图版证据，无法证明它不是由传世本回填；保留原字并进入图版复核队列。","silkA | receivedReference","true","","需要核对帛书乙本原始图版、高清摹本或权威释文。","review-required"
"addition","64","27","4","3","也","也","insufficient-evidence","false","","当前字无法与传世参照可靠对齐，仓库也没有逐字甲本释文或原始图版；需要核对帛书乙本原始图版、高清摹本或权威释文。","silkA | receivedReference","true","","需要核对帛书乙本原始图版、高清摹本或权威释文。","review-required"
"addition","64","27","4","4","易","易","received-text-contamination","false","","当前校补与传世参照对齐，但仓库没有可逐字验证的甲本释文或乙本图版证据，无法证明它不是由传世本回填；保留原字并进入图版复核队列。","silkA | receivedReference","true","","需要核对帛书乙本原始图版、高清摹本或权威释文。","review-required"
"addition","64","27","4","5","散","散","received-text-contamination","false","","当前校补与传世参照对齐，但仓库没有可逐字验证的甲本释文或乙本图版证据，无法证明它不是由传世本回填；保留原字并进入图版复核队列。","silkA | receivedReference","true","","需要核对帛书乙本原始图版、高清摹本或权威释文。","review-required"
"addition","64","27","4","6","也","也","insufficient-evidence","false","","当前字无法与传世参照可靠对齐，仓库也没有逐字甲本释文或原始图版；需要核对帛书乙本原始图版、高清摹本或权威释文。","silkA | receivedReference","true","","需要核对帛书乙本原始图版、高清摹本或权威释文。","review-required"
"addition","64","27","5","1","为","为","received-text-contamination","false","","当前校补与传世参照对齐，但仓库没有可逐字验证的甲本释文或乙本图版证据，无法证明它不是由传世本回填；保留原字并进入图版复核队列。","silkA | receivedReference","true","","需要核对帛书乙本原始图版、高清摹本或权威释文。","review-required"
"addition","64","27","5","2","之","之","received-text-contamination","false","","当前校补与传世参照对齐，但仓库没有可逐字验证的甲本释文或乙本图版证据，无法证明它不是由传世本回填；保留原字并进入图版复核队列。","silkA | receivedReference","true","","需要核对帛书乙本原始图版、高清摹本或权威释文。","review-required"
"addition","64","27","5","3","于","于","insufficient-evidence","false","","当前字无法与传世参照可靠对齐，仓库也没有逐字甲本释文或原始图版；需要核对帛书乙本原始图版、高清摹本或权威释文。","silkA | receivedReference","true","","需要核对帛书乙本原始图版、高清摹本或权威释文。","review-required"
"addition","64","27","5","4","其","其","conflicting-witnesses","false","","当前校补“其”与传世参照对齐字“於”不同；仓库没有足够逐字证据裁决，不能自动择一。","silkA | receivedReference","true","於","需要核对帛书乙本原始图版、高清摹本或权威释文。","review-required"
"addition","64","27","5","5","未","未","received-text-contamination","false","","当前校补与传世参照对齐，但仓库没有可逐字验证的甲本释文或乙本图版证据，无法证明它不是由传世本回填；保留原字并进入图版复核队列。","silkA | receivedReference","true","","需要核对帛书乙本原始图版、高清摹本或权威释文。","review-required"
"addition","64","27","5","6","有","有","received-text-contamination","false","","当前校补与传世参照对齐，但仓库没有可逐字验证的甲本释文或乙本图版证据，无法证明它不是由传世本回填；保留原字并进入图版复核队列。","silkA | receivedReference","true","","需要核对帛书乙本原始图版、高清摹本或权威释文。","review-required"
"addition","64","27","5","7","也","也","insufficient-evidence","false","","当前字无法与传世参照可靠对齐，仓库也没有逐字甲本释文或原始图版；需要核对帛书乙本原始图版、高清摹本或权威释文。","silkA | receivedReference","true","","需要核对帛书乙本原始图版、高清摹本或权威释文。","review-required"
"addition","64","27","5","8","治","治","received-text-contamination","false","","当前校补与传世参照对齐，但仓库没有可逐字验证的甲本释文或乙本图版证据，无法证明它不是由传世本回填；保留原字并进入图版复核队列。","silkA | receivedReference","true","","需要核对帛书乙本原始图版、高清摹本或权威释文。","review-required"
"addition","64","27","5","9","之","之","received-text-contamination","false","","当前校补与传世参照对齐，但仓库没有可逐字验证的甲本释文或乙本图版证据，无法证明它不是由传世本回填；保留原字并进入图版复核队列。","silkA | receivedReference","true","","需要核对帛书乙本原始图版、高清摹本或权威释文。","review-required"
"addition","64","27","5","10","于","于","insufficient-evidence","false","","当前字无法与传世参照可靠对齐，仓库也没有逐字甲本释文或原始图版；需要核对帛书乙本原始图版、高清摹本或权威释文。","silkA | receivedReference","true","","需要核对帛书乙本原始图版、高清摹本或权威释文。","review-required"
"addition","64","27","5","11","其","其","conflicting-witnesses","false","","当前校补“其”与传世参照对齐字“於”不同；仓库没有足够逐字证据裁决，不能自动择一。","silkA | receivedReference","true","於","需要核对帛书乙本原始图版、高清摹本或权威释文。","review-required"
"addition","64","27","5","12","未","未","received-text-contamination","false","","当前校补与传世参照对齐，但仓库没有可逐字验证的甲本释文或乙本图版证据，无法证明它不是由传世本回填；保留原字并进入图版复核队列。","silkA | receivedReference","true","","需要核对帛书乙本原始图版、高清摹本或权威释文。","review-required"
"addition","64","27","5","13","乱","乱","received-text-contamination","false","","当前校补与传世参照对齐，但仓库没有可逐字验证的甲本释文或乙本图版证据，无法证明它不是由传世本回填；保留原字并进入图版复核队列。","silkA | receivedReference","true","","需要核对帛书乙本原始图版、高清摹本或权威释文。","review-required"
"addition","64","27","5","14","也","也","insufficient-evidence","false","","当前字无法与传世参照可靠对齐，仓库也没有逐字甲本释文或原始图版；需要核对帛书乙本原始图版、高清摹本或权威释文。","silkA | receivedReference","true","","需要核对帛书乙本原始图版、高清摹本或权威释文。","review-required"
"addition","64","27","6","1","合","合","received-text-contamination","false","","当前校补与传世参照对齐，但仓库没有可逐字验证的甲本释文或乙本图版证据，无法证明它不是由传世本回填；保留原字并进入图版复核队列。","silkA | receivedReference","true","","需要核对帛书乙本原始图版、高清摹本或权威释文。","review-required"
"addition","64","27","6","2","抱","抱","received-text-contamination","false","","当前校补与传世参照对齐，但仓库没有可逐字验证的甲本释文或乙本图版证据，无法证明它不是由传世本回填；保留原字并进入图版复核队列。","silkA | receivedReference","true","","需要核对帛书乙本原始图版、高清摹本或权威释文。","review-required"
"addition","64","27","6","3","之","之","received-text-contamination","false","","当前校补与传世参照对齐，但仓库没有可逐字验证的甲本释文或乙本图版证据，无法证明它不是由传世本回填；保留原字并进入图版复核队列。","silkA | receivedReference","true","","需要核对帛书乙本原始图版、高清摹本或权威释文。","review-required"
"addition","64","27","9","6","执","执","received-text-contamination","false","","当前校补与传世参照对齐，但仓库没有可逐字验证的甲本释文或乙本图版证据，无法证明它不是由传世本回填；保留原字并进入图版复核队列。","silkA | receivedReference","true","","需要核对帛书乙本原始图版、高清摹本或权威释文。","review-required"
"addition","64","27","10","7","也","也","insufficient-evidence","false","","当前字无法与传世参照可靠对齐，仓库也没有逐字甲本释文或原始图版；需要核对帛书乙本原始图版、高清摹本或权威释文。","silkA | receivedReference","true","","需要核对帛书乙本原始图版、高清摹本或权威释文。","review-required"
"addition","64","27","10","8","故","故","received-text-contamination","false","","当前校补与传世参照对齐，但仓库没有可逐字验证的甲本释文或乙本图版证据，无法证明它不是由传世本回填；保留原字并进入图版复核队列。","silkA | receivedReference","true","","需要核对帛书乙本原始图版、高清摹本或权威释文。","review-required"
"addition","64","27","10","9","无","无","received-text-contamination","false","","当前校补与传世参照对齐，但仓库没有可逐字验证的甲本释文或乙本图版证据，无法证明它不是由传世本回填；保留原字并进入图版复核队列。","silkA | receivedReference","true","","需要核对帛书乙本原始图版、高清摹本或权威释文。","review-required"
"addition","64","27","10","10","败","败","received-text-contamination","false","","当前校补与传世参照对齐，但仓库没有可逐字验证的甲本释文或乙本图版证据，无法证明它不是由传世本回填；保留原字并进入图版复核队列。","silkA | receivedReference","true","","需要核对帛书乙本原始图版、高清摹本或权威释文。","review-required"
"addition","64","27","10","11","也","也","insufficient-evidence","false","","当前字无法与传世参照可靠对齐，仓库也没有逐字甲本释文或原始图版；需要核对帛书乙本原始图版、高清摹本或权威释文。","silkA | receivedReference","true","","需要核对帛书乙本原始图版、高清摹本或权威释文。","review-required"
"addition","64","27","10","12","无","无","received-text-contamination","false","","当前校补与传世参照对齐，但仓库没有可逐字验证的甲本释文或乙本图版证据，无法证明它不是由传世本回填；保留原字并进入图版复核队列。","silkA | receivedReference","true","","需要核对帛书乙本原始图版、高清摹本或权威释文。","review-required"
"addition","64","27","10","13","执","执","received-text-contamination","false","","当前校补与传世参照对齐，但仓库没有可逐字验证的甲本释文或乙本图版证据，无法证明它不是由传世本回填；保留原字并进入图版复核队列。","silkA | receivedReference","true","","需要核对帛书乙本原始图版、高清摹本或权威释文。","review-required"
"addition","64","27","10","14","也","也","insufficient-evidence","false","","当前字无法与传世参照可靠对齐，仓库也没有逐字甲本释文或原始图版；需要核对帛书乙本原始图版、高清摹本或权威释文。","silkA | receivedReference","true","","需要核对帛书乙本原始图版、高清摹本或权威释文。","review-required"
"addition","64","27","10","15","故","故","received-text-contamination","false","","当前校补与传世参照对齐，但仓库没有可逐字验证的甲本释文或乙本图版证据，无法证明它不是由传世本回填；保留原字并进入图版复核队列。","silkA | receivedReference","true","","需要核对帛书乙本原始图版、高清摹本或权威释文。","review-required"
"addition","64","27","10","16","无","无","received-text-contamination","false","","当前校补与传世参照对齐，但仓库没有可逐字验证的甲本释文或乙本图版证据，无法证明它不是由传世本回填；保留原字并进入图版复核队列。","silkA | receivedReference","true","","需要核对帛书乙本原始图版、高清摹本或权威释文。","review-required"
"addition","64","27","10","17","失","失","received-text-contamination","false","","当前校补与传世参照对齐，但仓库没有可逐字验证的甲本释文或乙本图版证据，无法证明它不是由传世本回填；保留原字并进入图版复核队列。","silkA | receivedReference","true","","需要核对帛书乙本原始图版、高清摹本或权威释文。","review-required"
"addition","64","27","10","18","也","也","insufficient-evidence","false","","当前字无法与传世参照可靠对齐，仓库也没有逐字甲本释文或原始图版；需要核对帛书乙本原始图版、高清摹本或权威释文。","silkA | receivedReference","true","","需要核对帛书乙本原始图版、高清摹本或权威释文。","review-required"
"addition","64","27","14","3","学","学","received-text-contamination","false","","当前校补与传世参照对齐，但仓库没有可逐字验证的甲本释文或乙本图版证据，无法证明它不是由传世本回填；保留原字并进入图版复核队列。","silkA | receivedReference","true","","需要核对帛书乙本原始图版、高清摹本或权威释文。","review-required"
"addition","65","28","1","9","民","民","received-text-contamination","false","","当前校补与传世参照对齐，但仓库没有可逐字验证的甲本释文或乙本图版证据，无法证明它不是由传世本回填；保留原字并进入图版复核队列。","silkA | receivedReference","true","","需要核对帛书乙本原始图版、高清摹本或权威释文。","review-required"
"addition","65","28","1","10","也","也","insufficient-evidence","false","","当前字无法与传世参照可靠对齐，仓库也没有逐字甲本释文或原始图版；需要核对帛书乙本原始图版、高清摹本或权威释文。","silkA | receivedReference","true","","需要核对帛书乙本原始图版、高清摹本或权威释文。","review-required"
"addition","65","28","1","11","将","将","received-text-contamination","false","","当前校补与传世参照对齐，但仓库没有可逐字验证的甲本释文或乙本图版证据，无法证明它不是由传世本回填；保留原字并进入图版复核队列。","silkA | receivedReference","true","","需要核对帛书乙本原始图版、高清摹本或权威释文。","review-required"
"addition","65","28","1","12","以","以","received-text-contamination","false","","当前校补与传世参照对齐，但仓库没有可逐字验证的甲本释文或乙本图版证据，无法证明它不是由传世本回填；保留原字并进入图版复核队列。","silkA | receivedReference","true","","需要核对帛书乙本原始图版、高清摹本或权威释文。","review-required"
"addition","65","28","1","13","愚","愚","received-text-contamination","false","","当前校补与传世参照对齐，但仓库没有可逐字验证的甲本释文或乙本图版证据，无法证明它不是由传世本回填；保留原字并进入图版复核队列。","silkA | receivedReference","true","","需要核对帛书乙本原始图版、高清摹本或权威释文。","review-required"
"addition","65","28","6","7","与","与","received-text-contamination","false","","当前校补与传世参照对齐，但仓库没有可逐字验证的甲本释文或乙本图版证据，无法证明它不是由传世本回填；保留原字并进入图版复核队列。","silkA | receivedReference","true","","需要核对帛书乙本原始图版、高清摹本或权威释文。","review-required"
"addition","66","29","1","3","之","之","insufficient-evidence","false","","当前字无法与传世参照可靠对齐，仓库也没有逐字甲本释文或原始图版；需要核对帛书乙本原始图版、高清摹本或权威释文。","silkA | receivedReference","true","","需要核对帛书乙本原始图版、高清摹本或权威释文。","review-required"
"addition","66","29","1","10","王","王","received-text-contamination","false","","当前校补与传世参照对齐，但仓库没有可逐字验证的甲本释文或乙本图版证据，无法证明它不是由传世本回填；保留原字并进入图版复核队列。","silkA | receivedReference","true","","需要核对帛书乙本原始图版、高清摹本或权威释文。","review-required"
"addition","66","29","1","11","者","者","received-text-contamination","false","","当前校补与传世参照对齐，但仓库没有可逐字验证的甲本释文或乙本图版证据，无法证明它不是由传世本回填；保留原字并进入图版复核队列。","silkA | receivedReference","true","","需要核对帛书乙本原始图版、高清摹本或权威释文。","review-required"
"addition","66","29","1","12","以","以","received-text-contamination","false","","当前校补与传世参照对齐，但仓库没有可逐字验证的甲本释文或乙本图版证据，无法证明它不是由传世本回填；保留原字并进入图版复核队列。","silkA | receivedReference","true","","需要核对帛书乙本原始图版、高清摹本或权威释文。","review-required"
"addition","66","29","1","14","善","善","received-text-contamination","false","","当前校补与传世参照对齐，但仓库没有可逐字验证的甲本释文或乙本图版证据，无法证明它不是由传世本回填；保留原字并进入图版复核队列。","silkA | receivedReference","true","","需要核对帛书乙本原始图版、高清摹本或权威释文。","review-required"
"addition","66","29","3","14","重","重","conflicting-witnesses","false","","当前校补“重”与传世参照对齐字“是”不同；仓库没有足够逐字证据裁决，不能自动择一。","silkA | receivedReference","true","是","需要核对帛书乙本原始图版、高清摹本或权威释文。","review-required"
"addition","66","29","4","2","以","以","received-text-contamination","false","","当前校补与传世参照对齐，但仓库没有可逐字验证的甲本释文或乙本图版证据，无法证明它不是由传世本回填；保留原字并进入图版复核队列。","silkA | receivedReference","true","","需要核对帛书乙本原始图版、高清摹本或权威释文。","review-required"
"addition","80","30","1","10","之","之","received-text-contamination","false","","当前校补与传世参照对齐，但仓库没有可逐字验证的甲本释文或乙本图版证据，无法证明它不是由传世本回填；保留原字并进入图版复核队列。","silkA | receivedReference","true","","需要核对帛书乙本原始图版、高清摹本或权威释文。","review-required"
"addition","80","30","6","8","声","声","received-text-contamination","false","","当前校补与传世参照对齐，但仓库没有可逐字验证的甲本释文或乙本图版证据，无法证明它不是由传世本回填；保留原字并进入图版复核队列。","silkA | receivedReference","true","","需要核对帛书乙本原始图版、高清摹本或权威释文。","review-required"
"addition","80","30","6","9","相","相","received-text-contamination","false","","当前校补与传世参照对齐，但仓库没有可逐字验证的甲本释文或乙本图版证据，无法证明它不是由传世本回填；保留原字并进入图版复核队列。","silkA | receivedReference","true","","需要核对帛书乙本原始图版、高清摹本或权威释文。","review-required"
"addition","67","32","1","3","皆","皆","received-text-contamination","false","","当前校补与传世参照对齐，但仓库没有可逐字验证的甲本释文或乙本图版证据，无法证明它不是由传世本回填；保留原字并进入图版复核队列。","silkA | receivedReference","true","","需要核对帛书乙本原始图版、高清摹本或权威释文。","review-required"
"addition","67","32","7","17","则","则","insufficient-evidence","false","","当前字无法与传世参照可靠对齐，仓库也没有逐字甲本释文或原始图版；需要核对帛书乙本原始图版、高清摹本或权威释文。","silkA | receivedReference","true","","需要核对帛书乙本原始图版、高清摹本或权威释文。","review-required"
"addition","68","33","2","5","之","之","received-text-contamination","false","","当前校补与传世参照对齐，但仓库没有可逐字验证的甲本释文或乙本图版证据，无法证明它不是由传世本回填；保留原字并进入图版复核队列。","silkA | receivedReference","true","","需要核对帛书乙本原始图版、高清摹本或权威释文。","review-required"
"addition","69","34","1","14","吾","吾","insufficient-evidence","false","","当前字无法与传世参照可靠对齐，仓库也没有逐字甲本释文或原始图版；需要核对帛书乙本原始图版、高清摹本或权威释文。","silkA | receivedReference","true","","需要核对帛书乙本原始图版、高清摹本或权威释文。","review-required"
"addition","69","34","2","13","无","无","received-text-contamination","false","","当前校补与传世参照对齐，但仓库没有可逐字验证的甲本释文或乙本图版证据，无法证明它不是由传世本回填；保留原字并进入图版复核队列。","silkA | receivedReference","true","","需要核对帛书乙本原始图版、高清摹本或权威释文。","review-required"
"addition","69","34","4","10","矣","矣","received-text-contamination","false","","当前校补与传世参照对齐，但仓库没有可逐字验证的甲本释文或乙本图版证据，无法证明它不是由传世本回填；保留原字并进入图版复核队列。","silkA | receivedReference","true","","需要核对帛书乙本原始图版、高清摹本或权威释文。","review-required"
"addition","70","35","1","3","甚","甚","received-text-contamination","false","","当前校补与传世参照对齐，但仓库没有可逐字验证的甲本释文或乙本图版证据，无法证明它不是由传世本回填；保留原字并进入图版复核队列。","silkA | receivedReference","true","","需要核对帛书乙本原始图版、高清摹本或权威释文。","review-required"
"addition","70","35","1","7","甚","甚","received-text-contamination","false","","当前校补与传世参照对齐，但仓库没有可逐字验证的甲本释文或乙本图版证据，无法证明它不是由传世本回填；保留原字并进入图版复核队列。","silkA | receivedReference","true","","需要核对帛书乙本原始图版、高清摹本或权威释文。","review-required"
"addition","70","35","2","8","而","而","insufficient-evidence","false","","当前字无法与传世参照可靠对齐，仓库也没有逐字甲本释文或原始图版；需要核对帛书乙本原始图版、高清摹本或权威释文。","silkA | receivedReference","true","","需要核对帛书乙本原始图版、高清摹本或权威释文。","review-required"
"addition","70","35","5","2","我","我","received-text-contamination","false","","当前校补与传世参照对齐，但仓库没有可逐字验证的甲本释文或乙本图版证据，无法证明它不是由传世本回填；保留原字并进入图版复核队列。","silkA | receivedReference","true","","需要核对帛书乙本原始图版、高清摹本或权威释文。","review-required"
"addition","71","36","2","3","不","不","conflicting-witnesses","false","","当前校补“不”与传世参照对齐字“夫”不同；仓库没有足够逐字证据裁决，不能自动择一。","silkA | receivedReference","true","夫","需要核对帛书乙本原始图版、高清摹本或权威释文。","review-required"
"addition","71","36","3","7","病","病","received-text-contamination","false","","当前校补与传世参照对齐，但仓库没有可逐字验证的甲本释文或乙本图版证据，无法证明它不是由传世本回填；保留原字并进入图版复核队列。","silkA | receivedReference","true","","需要核对帛书乙本原始图版、高清摹本或权威释文。","review-required"
"addition","72","37","1","5","威","威","received-text-contamination","false","","当前校补与传世参照对齐，但仓库没有可逐字验证的甲本释文或乙本图版证据，无法证明它不是由传世本回填；保留原字并进入图版复核队列。","silkA | receivedReference","true","","需要核对帛书乙本原始图版、高清摹本或权威释文。","review-required"
"addition","73","38","2","1","此","此","received-text-contamination","false","","当前校补与传世参照对齐，但仓库没有可逐字验证的甲本释文或乙本图版证据，无法证明它不是由传世本回填；保留原字并进入图版复核队列。","silkA | receivedReference","true","","需要核对帛书乙本原始图版、高清摹本或权威释文。","review-required"
"addition","74","39","2","11","吾","吾","received-text-contamination","false","","当前校补与传世参照对齐，但仓库没有可逐字验证的甲本释文或乙本图版证据，无法证明它不是由传世本回填；保留原字并进入图版复核队列。","silkA | receivedReference","true","","需要核对帛书乙本原始图版、高清摹本或权威释文。","review-required"
"addition","74","39","4","12","也","也","insufficient-evidence","false","","当前字无法与传世参照可靠对齐，仓库也没有逐字甲本释文或原始图版；需要核对帛书乙本原始图版、高清摹本或权威释文。","silkA | receivedReference","true","","需要核对帛书乙本原始图版、高清摹本或权威释文。","review-required"
"addition","74","39","5","6","者","者","insufficient-evidence","false","","当前字无法与传世参照可靠对齐，仓库也没有逐字甲本释文或原始图版；需要核对帛书乙本原始图版、高清摹本或权威释文。","silkA | receivedReference","true","","需要核对帛书乙本原始图版、高清摹本或权威释文。","review-required"
"addition","74","39","5","13","矣","矣","received-text-contamination","false","","当前校补与传世参照对齐，但仓库没有可逐字验证的甲本释文或乙本图版证据，无法证明它不是由传世本回填；保留原字并进入图版复核队列。","silkA | receivedReference","true","","需要核对帛书乙本原始图版、高清摹本或权威释文。","review-required"
"addition","75","40","1","12","也","也","insufficient-evidence","false","","当前字无法与传世参照可靠对齐，仓库也没有逐字甲本释文或原始图版；需要核对帛书乙本原始图版、高清摹本或权威释文。","silkA | receivedReference","true","","需要核对帛书乙本原始图版、高清摹本或权威释文。","review-required"
"addition","75","40","2","14","是","是","received-text-contamination","false","","当前校补与传世参照对齐，但仓库没有可逐字验证的甲本释文或乙本图版证据，无法证明它不是由传世本回填；保留原字并进入图版复核队列。","silkA | receivedReference","true","","需要核对帛书乙本原始图版、高清摹本或权威释文。","review-required"
"addition","76","41","2","2","物","物","received-text-contamination","false","","当前校补与传世参照对齐，但仓库没有可逐字验证的甲本释文或乙本图版证据，无法证明它不是由传世本回填；保留原字并进入图版复核队列。","silkA | receivedReference","true","","需要核对帛书乙本原始图版、高清摹本或权威释文。","review-required"
"addition","76","41","2","3","草","草","received-text-contamination","false","","当前校补与传世参照对齐，但仓库没有可逐字验证的甲本释文或乙本图版证据，无法证明它不是由传世本回填；保留原字并进入图版复核队列。","silkA | receivedReference","true","","需要核对帛书乙本原始图版、高清摹本或权威释文。","review-required"
"addition","76","41","3","3","坚","坚","received-text-contamination","false","","当前校补与传世参照对齐，但仓库没有可逐字验证的甲本释文或乙本图版证据，无法证明它不是由传世本回填；保留原字并进入图版复核队列。","silkA | receivedReference","true","","需要核对帛书乙本原始图版、高清摹本或权威释文。","review-required"
"addition","76","41","3","12","微","微","insufficient-evidence","false","","当前字无法与传世参照可靠对齐，仓库也没有逐字甲本释文或原始图版；需要核对帛书乙本原始图版、高清摹本或权威释文。","silkA | receivedReference","true","","需要核对帛书乙本原始图版、高清摹本或权威释文。","review-required"
"addition","76","41","3","13","细","细","insufficient-evidence","false","","当前字无法与传世参照可靠对齐，仓库也没有逐字甲本释文或原始图版；需要核对帛书乙本原始图版、高清摹本或权威释文。","silkA | receivedReference","true","","需要核对帛书乙本原始图版、高清摹本或权威释文。","review-required"
"addition","76","41","3","14","者","者","received-text-contamination","false","","当前校补与传世参照对齐，但仓库没有可逐字验证的甲本释文或乙本图版证据，无法证明它不是由传世本回填；保留原字并进入图版复核队列。","silkA | receivedReference","true","","需要核对帛书乙本原始图版、高清摹本或权威释文。","review-required"
"addition","77","42","1","7","者","者","insufficient-evidence","false","","当前字无法与传世参照可靠对齐，仓库也没有逐字甲本释文或原始图版；需要核对帛书乙本原始图版、高清摹本或权威释文。","silkA | receivedReference","true","","需要核对帛书乙本原始图版、高清摹本或权威释文。","review-required"
"addition","77","42","2","17","补","补","conflicting-witnesses","false","","当前校补“补”与传世参照对齐字“与”不同；仓库没有足够逐字证据裁决，不能自动择一。","silkA | receivedReference","true","与","需要核对帛书乙本原始图版、高清摹本或权威释文。","review-required"
"addition","77","42","2","18","之","之","received-text-contamination","false","","当前校补与传世参照对齐，但仓库没有可逐字验证的甲本释文或乙本图版证据，无法证明它不是由传世本回填；保留原字并进入图版复核队列。","silkA | receivedReference","true","","需要核对帛书乙本原始图版、高清摹本或权威释文。","review-required"
"addition","77","42","3","1","故","故","insufficient-evidence","false","","当前字无法与传世参照可靠对齐，仓库也没有逐字甲本释文或原始图版；需要核对帛书乙本原始图版、高清摹本或权威释文。","silkA | receivedReference","true","","需要核对帛书乙本原始图版、高清摹本或权威释文。","review-required"
"addition","77","42","3","2","天","天","received-text-contamination","false","","当前校补与传世参照对齐，但仓库没有可逐字验证的甲本释文或乙本图版证据，无法证明它不是由传世本回填；保留原字并进入图版复核队列。","silkA | receivedReference","true","","需要核对帛书乙本原始图版、高清摹本或权威释文。","review-required"
"addition","77","42","3","3","之","之","insufficient-evidence","false","","当前字无法与传世参照可靠对齐，仓库也没有逐字甲本释文或原始图版；需要核对帛书乙本原始图版、高清摹本或权威释文。","silkA | receivedReference","true","","需要核对帛书乙本原始图版、高清摹本或权威释文。","review-required"
"addition","77","42","3","4","道","道","received-text-contamination","false","","当前校补与传世参照对齐，但仓库没有可逐字验证的甲本释文或乙本图版证据，无法证明它不是由传世本回填；保留原字并进入图版复核队列。","silkA | receivedReference","true","","需要核对帛书乙本原始图版、高清摹本或权威释文。","review-required"
"addition","77","42","3","5","损","损","received-text-contamination","false","","当前校补与传世参照对齐，但仓库没有可逐字验证的甲本释文或乙本图版证据，无法证明它不是由传世本回填；保留原字并进入图版复核队列。","silkA | receivedReference","true","","需要核对帛书乙本原始图版、高清摹本或权威释文。","review-required"
"addition","77","42","4","4","则","则","received-text-contamination","false","","当前校补与传世参照对齐，但仓库没有可逐字验证的甲本释文或乙本图版证据，无法证明它不是由传世本回填；保留原字并进入图版复核队列。","silkA | receivedReference","true","","需要核对帛书乙本原始图版、高清摹本或权威释文。","review-required"
"addition","77","42","4","5","不","不","received-text-contamination","false","","当前校补与传世参照对齐，但仓库没有可逐字验证的甲本释文或乙本图版证据，无法证明它不是由传世本回填；保留原字并进入图版复核队列。","silkA | receivedReference","true","","需要核对帛书乙本原始图版、高清摹本或权威释文。","review-required"
"addition","77","42","4","6","然","然","received-text-contamination","false","","当前校补与传世参照对齐，但仓库没有可逐字验证的甲本释文或乙本图版证据，无法证明它不是由传世本回填；保留原字并进入图版复核队列。","silkA | receivedReference","true","","需要核对帛书乙本原始图版、高清摹本或权威释文。","review-required"
"addition","77","42","5","6","有","有","insufficient-evidence","false","","当前字无法与传世参照可靠对齐，仓库也没有逐字甲本释文或原始图版；需要核对帛书乙本原始图版、高清摹本或权威释文。","silkA | receivedReference","true","","需要核对帛书乙本原始图版、高清摹本或权威释文。","review-required"
"addition","77","42","5","7","以","以","conflicting-witnesses","false","","当前校补“以”与传世参照对齐字“奉”不同；仓库没有足够逐字证据裁决，不能自动择一。","silkA | receivedReference","true","奉","需要核对帛书乙本原始图版、高清摹本或权威释文。","review-required"
"addition","77","42","5","8","取","取","conflicting-witnesses","false","","当前校补“取”与传世参照对齐字“不”不同；仓库没有足够逐字证据裁决，不能自动择一。","silkA | receivedReference","true","不","需要核对帛书乙本原始图版、高清摹本或权威释文。","review-required"
"addition","77","42","5","12","者","者","insufficient-evidence","false","","当前字无法与传世参照可靠对齐，仓库也没有逐字甲本释文或原始图版；需要核对帛书乙本原始图版、高清摹本或权威释文。","silkA | receivedReference","true","","需要核对帛书乙本原始图版、高清摹本或权威释文。","review-required"
"addition","78","43","1","8","而","而","received-text-contamination","false","","当前校补与传世参照对齐，但仓库没有可逐字验证的甲本释文或乙本图版证据，无法证明它不是由传世本回填；保留原字并进入图版复核队列。","silkA | receivedReference","true","","需要核对帛书乙本原始图版、高清摹本或权威释文。","review-required"
"addition","78","43","1","9","攻","攻","received-text-contamination","false","","当前校补与传世参照对齐，但仓库没有可逐字验证的甲本释文或乙本图版证据，无法证明它不是由传世本回填；保留原字并进入图版复核队列。","silkA | receivedReference","true","","需要核对帛书乙本原始图版、高清摹本或权威释文。","review-required"
"addition","78","43","1","10","坚","坚","received-text-contamination","false","","当前校补与传世参照对齐，但仓库没有可逐字验证的甲本释文或乙本图版证据，无法证明它不是由传世本回填；保留原字并进入图版复核队列。","silkA | receivedReference","true","","需要核对帛书乙本原始图版、高清摹本或权威释文。","review-required"
"addition","78","43","1","11","强","强","received-text-contamination","false","","当前校补与传世参照对齐，但仓库没有可逐字验证的甲本释文或乙本图版证据，无法证明它不是由传世本回填；保留原字并进入图版复核队列。","silkA | receivedReference","true","","需要核对帛书乙本原始图版、高清摹本或权威释文。","review-required"
"addition","78","43","1","12","者","者","received-text-contamination","false","","当前校补与传世参照对齐，但仓库没有可逐字验证的甲本释文或乙本图版证据，无法证明它不是由传世本回填；保留原字并进入图版复核队列。","silkA | receivedReference","true","","需要核对帛书乙本原始图版、高清摹本或权威释文。","review-required"
"addition","78","43","1","13","莫","莫","received-text-contamination","false","","当前校补与传世参照对齐，但仓库没有可逐字验证的甲本释文或乙本图版证据，无法证明它不是由传世本回填；保留原字并进入图版复核队列。","silkA | receivedReference","true","","需要核对帛书乙本原始图版、高清摹本或权威释文。","review-required"
"addition","78","43","1","14","之","之","received-text-contamination","false","","当前校补与传世参照对齐，但仓库没有可逐字验证的甲本释文或乙本图版证据，无法证明它不是由传世本回填；保留原字并进入图版复核队列。","silkA | receivedReference","true","","需要核对帛书乙本原始图版、高清摹本或权威释文。","review-required"
"addition","78","43","1","15","能","能","received-text-contamination","false","","当前校补与传世参照对齐，但仓库没有可逐字验证的甲本释文或乙本图版证据，无法证明它不是由传世本回填；保留原字并进入图版复核队列。","silkA | receivedReference","true","","需要核对帛书乙本原始图版、高清摹本或权威释文。","review-required"
"addition","78","43","1","16","胜","胜","received-text-contamination","false","","当前校补与传世参照对齐，但仓库没有可逐字验证的甲本释文或乙本图版证据，无法证明它不是由传世本回填；保留原字并进入图版复核队列。","silkA | receivedReference","true","","需要核对帛书乙本原始图版、高清摹本或权威释文。","review-required"
"addition","78","43","1","17","也","也","insufficient-evidence","false","","当前字无法与传世参照可靠对齐，仓库也没有逐字甲本释文或原始图版；需要核对帛书乙本原始图版、高清摹本或权威释文。","silkA | receivedReference","true","","需要核对帛书乙本原始图版、高清摹本或权威释文。","review-required"
"addition","78","43","2","16","莫","莫","received-text-contamination","false","","当前校补与传世参照对齐，但仓库没有可逐字验证的甲本释文或乙本图版证据，无法证明它不是由传世本回填；保留原字并进入图版复核队列。","silkA | receivedReference","true","","需要核对帛书乙本原始图版、高清摹本或权威释文。","review-required"
"addition","78","43","2","17","能","能","received-text-contamination","false","","当前校补与传世参照对齐，但仓库没有可逐字验证的甲本释文或乙本图版证据，无法证明它不是由传世本回填；保留原字并进入图版复核队列。","silkA | receivedReference","true","","需要核对帛书乙本原始图版、高清摹本或权威释文。","review-required"
"addition","78","43","2","18","行","行","received-text-contamination","false","","当前校补与传世参照对齐，但仓库没有可逐字验证的甲本释文或乙本图版证据，无法证明它不是由传世本回填；保留原字并进入图版复核队列。","silkA | receivedReference","true","","需要核对帛书乙本原始图版、高清摹本或权威释文。","review-required"
"addition","79","44","1","3","怨","怨","received-text-contamination","false","","当前校补与传世参照对齐，但仓库没有可逐字验证的甲本释文或乙本图版证据，无法证明它不是由传世本回填；保留原字并进入图版复核队列。","silkA | receivedReference","true","","需要核对帛书乙本原始图版、高清摹本或权威释文。","review-required"
"addition","79","44","1","4","必","必","received-text-contamination","false","","当前校补与传世参照对齐，但仓库没有可逐字验证的甲本释文或乙本图版证据，无法证明它不是由传世本回填；保留原字并进入图版复核队列。","silkA | receivedReference","true","","需要核对帛书乙本原始图版、高清摹本或权威释文。","review-required"
"addition","79","44","1","5","有","有","received-text-contamination","false","","当前校补与传世参照对齐，但仓库没有可逐字验证的甲本释文或乙本图版证据，无法证明它不是由传世本回填；保留原字并进入图版复核队列。","silkA | receivedReference","true","","需要核对帛书乙本原始图版、高清摹本或权威释文。","review-required"
"addition","79","44","1","6","余","余","received-text-contamination","false","","当前校补与传世参照对齐，但仓库没有可逐字验证的甲本释文或乙本图版证据，无法证明它不是由传世本回填；保留原字并进入图版复核队列。","silkA | receivedReference","true","","需要核对帛书乙本原始图版、高清摹本或权威释文。","review-required"
"addition","79","44","1","7","怨","怨","received-text-contamination","false","","当前校补与传世参照对齐，但仓库没有可逐字验证的甲本释文或乙本图版证据，无法证明它不是由传世本回填；保留原字并进入图版复核队列。","silkA | receivedReference","true","","需要核对帛书乙本原始图版、高清摹本或权威释文。","review-required"
"addition","79","44","1","8","焉","焉","conflicting-witnesses","false","","当前校补“焉”与传世参照对齐字“安”不同；仓库没有足够逐字证据裁决，不能自动择一。","silkA | receivedReference","true","安","需要核对帛书乙本原始图版、高清摹本或权威释文。","review-required"
"addition","79","44","1","9","可","可","received-text-contamination","false","","当前校补与传世参照对齐，但仓库没有可逐字验证的甲本释文或乙本图版证据，无法证明它不是由传世本回填；保留原字并进入图版复核队列。","silkA | receivedReference","true","","需要核对帛书乙本原始图版、高清摹本或权威释文。","review-required"
"addition","79","44","1","10","以","以","received-text-contamination","false","","当前校补与传世参照对齐，但仓库没有可逐字验证的甲本释文或乙本图版证据，无法证明它不是由传世本回填；保留原字并进入图版复核队列。","silkA | receivedReference","true","","需要核对帛书乙本原始图版、高清摹本或权威释文。","review-required"
"addition","79","44","3","9","彻","彻","received-text-contamination","false","","当前校补与传世参照对齐，但仓库没有可逐字验证的甲本释文或乙本图版证据，无法证明它不是由传世本回填；保留原字并进入图版复核队列。","silkA | receivedReference","true","","需要核对帛书乙本原始图版、高清摹本或权威释文。","review-required"
"addition","79","44","4","1","夫","夫","insufficient-evidence","false","","当前字无法与传世参照可靠对齐，仓库也没有逐字甲本释文或原始图版；需要核对帛书乙本原始图版、高清摹本或权威释文。","silkA | receivedReference","true","","需要核对帛书乙本原始图版、高清摹本或权威释文。","review-required"
"addition","79","44","4","2","天","天","received-text-contamination","false","","当前校补与传世参照对齐，但仓库没有可逐字验证的甲本释文或乙本图版证据，无法证明它不是由传世本回填；保留原字并进入图版复核队列。","silkA | receivedReference","true","","需要核对帛书乙本原始图版、高清摹本或权威释文。","review-required"
"addition","79","44","4","4","无","无","received-text-contamination","false","","当前校补与传世参照对齐，但仓库没有可逐字验证的甲本释文或乙本图版证据，无法证明它不是由传世本回填；保留原字并进入图版复核队列。","silkA | receivedReference","true","","需要核对帛书乙本原始图版、高清摹本或权威释文。","review-required"
"addition","79","44","4","5","亲","亲","received-text-contamination","false","","当前校补与传世参照对齐，但仓库没有可逐字验证的甲本释文或乙本图版证据，无法证明它不是由传世本回填；保留原字并进入图版复核队列。","silkA | receivedReference","true","","需要核对帛书乙本原始图版、高清摹本或权威释文。","review-required"
"addition","79","44","4","6","恒","恒","conflicting-witnesses","false","","当前校补“恒”与传世参照对齐字“常”不同；仓库没有足够逐字证据裁决，不能自动择一。","silkA | receivedReference","true","常","需要核对帛书乙本原始图版、高清摹本或权威释文。","review-required"
"addition","79","44","4","7","与","与","received-text-contamination","false","","当前校补与传世参照对齐，但仓库没有可逐字验证的甲本释文或乙本图版证据，无法证明它不是由传世本回填；保留原字并进入图版复核队列。","silkA | receivedReference","true","","需要核对帛书乙本原始图版、高清摹本或权威释文。","review-required"
"addition","79","44","4","8","善","善","received-text-contamination","false","","当前校补与传世参照对齐，但仓库没有可逐字验证的甲本释文或乙本图版证据，无法证明它不是由传世本回填；保留原字并进入图版复核队列。","silkA | receivedReference","true","","需要核对帛书乙本原始图版、高清摹本或权威释文。","review-required"
"addition","79","44","4","9","人","人","received-text-contamination","false","","当前校补与传世参照对齐，但仓库没有可逐字验证的甲本释文或乙本图版证据，无法证明它不是由传世本回填；保留原字并进入图版复核队列。","silkA | receivedReference","true","","需要核对帛书乙本原始图版、高清摹本或权威释文。","review-required"
"addition","79","44","5","1","道","道","insufficient-evidence","false","","当前字无法与传世参照可靠对齐，仓库也没有逐字甲本释文或原始图版；需要核对帛书乙本原始图版、高清摹本或权威释文。","silkA | receivedReference","true","","需要核对帛书乙本原始图版、高清摹本或权威释文。","review-required"
"addition","79","44","5","2","经","经","insufficient-evidence","false","","当前字无法与传世参照可靠对齐，仓库也没有逐字甲本释文或原始图版；需要核对帛书乙本原始图版、高清摹本或权威释文。","silkA | receivedReference","true","","需要核对帛书乙本原始图版、高清摹本或权威释文。","review-required"
"addition","1","45","1","5","非","非","received-text-contamination","false","","当前校补与传世参照对齐，但仓库没有可逐字验证的甲本释文或乙本图版证据，无法证明它不是由传世本回填；保留原字并进入图版复核队列。","silkA | receivedReference","true","","需要核对帛书乙本原始图版、高清摹本或权威释文。","review-required"
"addition","1","45","1","6","恒","恒","conflicting-witnesses","false","","当前校补“恒”与传世参照对齐字“常”不同；仓库没有足够逐字证据裁决，不能自动择一。","silkA | receivedReference","true","常","需要核对帛书乙本原始图版、高清摹本或权威释文。","review-required"
"addition","1","45","1","7","道","道","received-text-contamination","false","","当前校补与传世参照对齐，但仓库没有可逐字验证的甲本释文或乙本图版证据，无法证明它不是由传世本回填；保留原字并进入图版复核队列。","silkA | receivedReference","true","","需要核对帛书乙本原始图版、高清摹本或权威释文。","review-required"
"addition","1","45","1","8","也","也","insufficient-evidence","false","","当前字无法与传世参照可靠对齐，仓库也没有逐字甲本释文或原始图版；需要核对帛书乙本原始图版、高清摹本或权威释文。","silkA | receivedReference","true","","需要核对帛书乙本原始图版、高清摹本或权威释文。","review-required"
"addition","1","45","2","1","名","名","received-text-contamination","false","","当前校补与传世参照对齐，但仓库没有可逐字验证的甲本释文或乙本图版证据，无法证明它不是由传世本回填；保留原字并进入图版复核队列。","silkA | receivedReference","true","","需要核对帛书乙本原始图版、高清摹本或权威释文。","review-required"
"addition","1","45","2","2","可","可","received-text-contamination","false","","当前校补与传世参照对齐，但仓库没有可逐字验证的甲本释文或乙本图版证据，无法证明它不是由传世本回填；保留原字并进入图版复核队列。","silkA | receivedReference","true","","需要核对帛书乙本原始图版、高清摹本或权威释文。","review-required"
"addition","1","45","2","3","名","名","received-text-contamination","false","","当前校补与传世参照对齐，但仓库没有可逐字验证的甲本释文或乙本图版证据，无法证明它不是由传世本回填；保留原字并进入图版复核队列。","silkA | receivedReference","true","","需要核对帛书乙本原始图版、高清摹本或权威释文。","review-required"
"addition","1","45","2","4","也","也","insufficient-evidence","false","","当前字无法与传世参照可靠对齐，仓库也没有逐字甲本释文或原始图版；需要核对帛书乙本原始图版、高清摹本或权威释文。","silkA | receivedReference","true","","需要核对帛书乙本原始图版、高清摹本或权威释文。","review-required"
"addition","1","45","2","5","非","非","received-text-contamination","false","","当前校补与传世参照对齐，但仓库没有可逐字验证的甲本释文或乙本图版证据，无法证明它不是由传世本回填；保留原字并进入图版复核队列。","silkA | receivedReference","true","","需要核对帛书乙本原始图版、高清摹本或权威释文。","review-required"
"addition","1","45","5","6","以","以","received-text-contamination","false","","当前校补与传世参照对齐，但仓库没有可逐字验证的甲本释文或乙本图版证据，无法证明它不是由传世本回填；保留原字并进入图版复核队列。","silkA | receivedReference","true","","需要核对帛书乙本原始图版、高清摹本或权威释文。","review-required"
"addition","1","45","5","7","观","观","received-text-contamination","false","","当前校补与传世参照对齐，但仓库没有可逐字验证的甲本释文或乙本图版证据，无法证明它不是由传世本回填；保留原字并进入图版复核队列。","silkA | receivedReference","true","","需要核对帛书乙本原始图版、高清摹本或权威释文。","review-required"
"addition","1","45","5","8","其","其","received-text-contamination","false","","当前校补与传世参照对齐，但仓库没有可逐字验证的甲本释文或乙本图版证据，无法证明它不是由传世本回填；保留原字并进入图版复核队列。","silkA | receivedReference","true","","需要核对帛书乙本原始图版、高清摹本或权威释文。","review-required"
"addition","1","45","5","9","妙","妙","received-text-contamination","false","","当前校补与传世参照对齐，但仓库没有可逐字验证的甲本释文或乙本图版证据，无法证明它不是由传世本回填；保留原字并进入图版复核队列。","silkA | receivedReference","true","","需要核对帛书乙本原始图版、高清摹本或权威释文。","review-required"
"addition","2","46","3","1","有","有","received-text-contamination","false","","当前校补与传世参照对齐，但仓库没有可逐字验证的甲本释文或乙本图版证据，无法证明它不是由传世本回填；保留原字并进入图版复核队列。","silkA | receivedReference","true","","需要核对帛书乙本原始图版、高清摹本或权威释文。","review-required"
"addition","2","46","3","2","无","无","received-text-contamination","false","","当前校补与传世参照对齐，但仓库没有可逐字验证的甲本释文或乙本图版证据，无法证明它不是由传世本回填；保留原字并进入图版复核队列。","silkA | receivedReference","true","","需要核对帛书乙本原始图版、高清摹本或权威释文。","review-required"
"addition","2","46","3","3","之","之","received-text-contamination","false","","当前校补与传世参照对齐，但仓库没有可逐字验证的甲本释文或乙本图版证据，无法证明它不是由传世本回填；保留原字并进入图版复核队列。","silkA | receivedReference","true","","需要核对帛书乙本原始图版、高清摹本或权威释文。","review-required"
"addition","2","46","3","4","相","相","received-text-contamination","false","","当前校补与传世参照对齐，但仓库没有可逐字验证的甲本释文或乙本图版证据，无法证明它不是由传世本回填；保留原字并进入图版复核队列。","silkA | receivedReference","true","","需要核对帛书乙本原始图版、高清摹本或权威释文。","review-required"
"addition","2","46","10","7","也","也","conflicting-witnesses","false","","当前校补“也”与传世参照对齐字“而”不同；仓库没有足够逐字证据裁决，不能自动择一。","silkA | receivedReference","true","而","需要核对帛书乙本原始图版、高清摹本或权威释文。","review-required"
"addition","5","49","2","5","以","以","received-text-contamination","false","","当前校补与传世参照对齐，但仓库没有可逐字验证的甲本释文或乙本图版证据，无法证明它不是由传世本回填；保留原字并进入图版复核队列。","silkA | receivedReference","true","","需要核对帛书乙本原始图版、高清摹本或权威释文。","review-required"
"addition","11","55","3","1","凿","凿","received-text-contamination","false","","当前校补与传世参照对齐，但仓库没有可逐字验证的甲本释文或乙本图版证据，无法证明它不是由传世本回填；保留原字并进入图版复核队列。","silkA | receivedReference","true","","需要核对帛书乙本原始图版、高清摹本或权威释文。","review-required"
"addition","12","56","1","1","五","五","received-text-contamination","false","","当前校补与传世参照对齐，但仓库没有可逐字验证的甲本释文或乙本图版证据，无法证明它不是由传世本回填；保留原字并进入图版复核队列。","silkA | receivedReference","true","","需要核对帛书乙本原始图版、高清摹本或权威释文。","review-required"
"addition","12","56","3","4","货","货","conflicting-witnesses","false","","当前校补“货”与传世参照对齐字“口”不同；仓库没有足够逐字证据裁决，不能自动择一。","silkA | receivedReference","true","口","需要核对帛书乙本原始图版、高清摹本或权威释文。","review-required"
"addition","12","56","5","7","聋","聋","conflicting-witnesses","false","","当前校补“聋”与传世参照对齐字“妨”不同；仓库没有足够逐字证据裁决，不能自动择一。","silkA | receivedReference","true","妨","需要核对帛书乙本原始图版、高清摹本或权威释文。","review-required"
"addition","13","57","7","15","矣","矣","insufficient-evidence","false","","当前字无法与传世参照可靠对齐，仓库也没有逐字甲本释文或原始图版；需要核对帛书乙本原始图版、高清摹本或权威释文。","silkA | receivedReference","true","","需要核对帛书乙本原始图版、高清摹本或权威释文。","review-required"
"addition","14","58","1","6","名","名","received-text-contamination","false","","当前校补与传世参照对齐，但仓库没有可逐字验证的甲本释文或乙本图版证据，无法证明它不是由传世本回填；保留原字并进入图版复核队列。","silkA | receivedReference","true","","需要核对帛书乙本原始图版、高清摹本或权威释文。","review-required"
"addition","15","59","6","4","不","不","received-text-contamination","false","","当前校补与传世参照对齐，但仓库没有可逐字验证的甲本释文或乙本图版证据，无法证明它不是由传世本回填；保留原字并进入图版复核队列。","silkA | receivedReference","true","","需要核对帛书乙本原始图版、高清摹本或权威释文。","review-required"
"addition","15","59","6","5","欲","欲","received-text-contamination","false","","当前校补与传世参照对齐，但仓库没有可逐字验证的甲本释文或乙本图版证据，无法证明它不是由传世本回填；保留原字并进入图版复核队列。","silkA | receivedReference","true","","需要核对帛书乙本原始图版、高清摹本或权威释文。","review-required"
"addition","15","59","6","6","盈","盈","received-text-contamination","false","","当前校补与传世参照对齐，但仓库没有可逐字验证的甲本释文或乙本图版证据，无法证明它不是由传世本回填；保留原字并进入图版复核队列。","silkA | receivedReference","true","","需要核对帛书乙本原始图版、高清摹本或权威释文。","review-required"
"addition","15","59","6","7","夫","夫","received-text-contamination","false","","当前校补与传世参照对齐，但仓库没有可逐字验证的甲本释文或乙本图版证据，无法证明它不是由传世本回填；保留原字并进入图版复核队列。","silkA | receivedReference","true","","需要核对帛书乙本原始图版、高清摹本或权威释文。","review-required"
"addition","15","59","6","8","唯","唯","conflicting-witnesses","false","","当前校补“唯”与传世参照对齐字“惟”不同；仓库没有足够逐字证据裁决，不能自动择一。","silkA | receivedReference","true","惟","需要核对帛书乙本原始图版、高清摹本或权威释文。","review-required"
"addition","15","59","6","9","不","不","received-text-contamination","false","","当前校补与传世参照对齐，但仓库没有可逐字验证的甲本释文或乙本图版证据，无法证明它不是由传世本回填；保留原字并进入图版复核队列。","silkA | receivedReference","true","","需要核对帛书乙本原始图版、高清摹本或权威释文。","review-required"
"addition","16","60","3","10","根","根","received-text-contamination","false","","当前校补与传世参照对齐，但仓库没有可逐字验证的甲本释文或乙本图版证据，无法证明它不是由传世本回填；保留原字并进入图版复核队列。","silkA | receivedReference","true","","需要核对帛书乙本原始图版、高清摹本或权威释文。","review-required"
"addition","16","60","4","1","归","归","received-text-contamination","false","","当前校补与传世参照对齐，但仓库没有可逐字验证的甲本释文或乙本图版证据，无法证明它不是由传世本回填；保留原字并进入图版复核队列。","silkA | receivedReference","true","","需要核对帛书乙本原始图版、高清摹本或权威释文。","review-required"
"addition","16","60","8","10","王","王","received-text-contamination","false","","当前校补与传世参照对齐，但仓库没有可逐字验证的甲本释文或乙本图版证据，无法证明它不是由传世本回填；保留原字并进入图版复核队列。","silkA | receivedReference","true","","需要核对帛书乙本原始图版、高清摹本或权威释文。","review-required"
"addition","16","60","8","11","乃","乃","received-text-contamination","false","","当前校补与传世参照对齐，但仓库没有可逐字验证的甲本释文或乙本图版证据，无法证明它不是由传世本回填；保留原字并进入图版复核队列。","silkA | receivedReference","true","","需要核对帛书乙本原始图版、高清摹本或权威释文。","review-required"
"addition","16","60","8","18","久","久","received-text-contamination","false","","当前校补与传世参照对齐，但仓库没有可逐字验证的甲本释文或乙本图版证据，无法证明它不是由传世本回填；保留原字并进入图版复核队列。","silkA | receivedReference","true","","需要核对帛书乙本原始图版、高清摹本或权威释文。","review-required"
"addition","17","61","1","6","之","之","received-text-contamination","false","","当前校补与传世参照对齐，但仓库没有可逐字验证的甲本释文或乙本图版证据，无法证明它不是由传世本回填；保留原字并进入图版复核队列。","silkA | receivedReference","true","","需要核对帛书乙本原始图版、高清摹本或权威释文。","review-required"
"addition","17","61","2","2","次","次","received-text-contamination","false","","当前校补与传世参照对齐，但仓库没有可逐字验证的甲本释文或乙本图版证据，无法证明它不是由传世本回填；保留原字并进入图版复核队列。","silkA | receivedReference","true","","需要核对帛书乙本原始图版、高清摹本或权威释文。","review-required"
"addition","18","62","2","6","大","大","received-text-contamination","false","","当前校补与传世参照对齐，但仓库没有可逐字验证的甲本释文或乙本图版证据，无法证明它不是由传世本回填；保留原字并进入图版复核队列。","silkA | receivedReference","true","","需要核对帛书乙本原始图版、高清摹本或权威释文。","review-required"
"addition","18","62","2","7","伪","伪","received-text-contamination","false","","当前校补与传世参照对齐，但仓库没有可逐字验证的甲本释文或乙本图版证据，无法证明它不是由传世本回填；保留原字并进入图版复核队列。","silkA | receivedReference","true","","需要核对帛书乙本原始图版、高清摹本或权威释文。","review-required"
"addition","19","63","4","21","私","私","received-text-contamination","false","","当前校补与传世参照对齐，但仓库没有可逐字验证的甲本释文或乙本图版证据，无法证明它不是由传世本回填；保留原字并进入图版复核队列。","silkA | receivedReference","true","","需要核对帛书乙本原始图版、高清摹本或权威释文。","review-required"
"addition","19","63","5","1","绝","绝","insufficient-evidence","false","","当前字无法与传世参照可靠对齐，仓库也没有逐字甲本释文或原始图版；需要核对帛书乙本原始图版、高清摹本或权威释文。","silkA | receivedReference","true","","需要核对帛书乙本原始图版、高清摹本或权威释文。","review-required"
"addition","19","63","5","2","学","学","insufficient-evidence","false","","当前字无法与传世参照可靠对齐，仓库也没有逐字甲本释文或原始图版；需要核对帛书乙本原始图版、高清摹本或权威释文。","silkA | receivedReference","true","","需要核对帛书乙本原始图版、高清摹本或权威释文。","review-required"
"addition","19","63","5","3","无","无","insufficient-evidence","false","","当前字无法与传世参照可靠对齐，仓库也没有逐字甲本释文或原始图版；需要核对帛书乙本原始图版、高清摹本或权威释文。","silkA | receivedReference","true","","需要核对帛书乙本原始图版、高清摹本或权威释文。","review-required"
"addition","19","63","5","4","忧","忧","insufficient-evidence","false","","当前字无法与传世参照可靠对齐，仓库也没有逐字甲本释文或原始图版；需要核对帛书乙本原始图版、高清摹本或权威释文。","silkA | receivedReference","true","","需要核对帛书乙本原始图版、高清摹本或权威释文。","review-required"
"addition","20","64","8","6","我","我","received-text-contamination","false","","当前校补与传世参照对齐，但仓库没有可逐字验证的甲本释文或乙本图版证据，无法证明它不是由传世本回填；保留原字并进入图版复核队列。","silkA | receivedReference","true","","需要核对帛书乙本原始图版、高清摹本或权威释文。","review-required"
"addition","20","64","8","7","独","独","received-text-contamination","false","","当前校补与传世参照对齐，但仓库没有可逐字验证的甲本释文或乙本图版证据，无法证明它不是由传世本回填；保留原字并进入图版复核队列。","silkA | receivedReference","true","","需要核对帛书乙本原始图版、高清摹本或权威释文。","review-required"
"addition","20","64","8","8","匮","匮","conflicting-witnesses","false","","当前校补“匮”与传世参照对齐字“遗”不同；仓库没有足够逐字证据裁决，不能自动择一。","silkA | receivedReference","true","遗","需要核对帛书乙本原始图版、高清摹本或权威释文。","review-required"
"addition","20","64","13","3","其","其","conflicting-witnesses","false","","当前校补“其”与传世参照对齐字“兮”不同；仓库没有足够逐字证据裁决，不能自动择一。","silkA | receivedReference","true","兮","需要核对帛书乙本原始图版、高清摹本或权威释文。","review-required"
"addition","27","71","2","2","闭","闭","received-text-contamination","false","","当前校补与传世参照对齐，但仓库没有可逐字验证的甲本释文或乙本图版证据，无法证明它不是由传世本回填；保留原字并进入图版复核队列。","silkA | receivedReference","true","","需要核对帛书乙本原始图版、高清摹本或权威释文。","review-required"
"addition","28","72","3","6","归","归","received-text-contamination","false","","当前校补与传世参照对齐，但仓库没有可逐字验证的甲本释文或乙本图版证据，无法证明它不是由传世本回填；保留原字并进入图版复核队列。","silkA | receivedReference","true","","需要核对帛书乙本原始图版、高清摹本或权威释文。","review-required"
"addition","28","72","3","7","于","于","conflicting-witnesses","false","","当前校补“于”与传世参照对齐字“於”不同；仓库没有足够逐字证据裁决，不能自动择一。","silkA | receivedReference","true","於","需要核对帛书乙本原始图版、高清摹本或权威释文。","review-required"
"addition","28","72","3","8","婴","婴","received-text-contamination","false","","当前校补与传世参照对齐，但仓库没有可逐字验证的甲本释文或乙本图版证据，无法证明它不是由传世本回填；保留原字并进入图版复核队列。","silkA | receivedReference","true","","需要核对帛书乙本原始图版、高清摹本或权威释文。","review-required"
"addition","28","72","3","9","儿","儿","received-text-contamination","false","","当前校补与传世参照对齐，但仓库没有可逐字验证的甲本释文或乙本图版证据，无法证明它不是由传世本回填；保留原字并进入图版复核队列。","silkA | receivedReference","true","","需要核对帛书乙本原始图版、高清摹本或权威释文。","review-required"
"addition","28","72","4","1","知","知","received-text-contamination","false","","当前校补与传世参照对齐，但仓库没有可逐字验证的甲本释文或乙本图版证据，无法证明它不是由传世本回填；保留原字并进入图版复核队列。","silkA | receivedReference","true","","需要核对帛书乙本原始图版、高清摹本或权威释文。","review-required"
"addition","28","72","4","10","谷","谷","conflicting-witnesses","false","","当前校补“谷”与传世参照对齐字“式”不同；仓库没有足够逐字证据裁决，不能自动择一。","silkA | receivedReference","true","式","需要核对帛书乙本原始图版、高清摹本或权威释文。","review-required"
"addition","29","73","1","4","天","天","received-text-contamination","false","","当前校补与传世参照对齐，但仓库没有可逐字验证的甲本释文或乙本图版证据，无法证明它不是由传世本回填；保留原字并进入图版复核队列。","silkA | receivedReference","true","","需要核对帛书乙本原始图版、高清摹本或权威释文。","review-required"
"addition","29","73","1","5","下","下","received-text-contamination","false","","当前校补与传世参照对齐，但仓库没有可逐字验证的甲本释文或乙本图版证据，无法证明它不是由传世本回填；保留原字并进入图版复核队列。","silkA | receivedReference","true","","需要核对帛书乙本原始图版、高清摹本或权威释文。","review-required"
"addition","29","73","1","6","而","而","received-text-contamination","false","","当前校补与传世参照对齐，但仓库没有可逐字验证的甲本释文或乙本图版证据，无法证明它不是由传世本回填；保留原字并进入图版复核队列。","silkA | receivedReference","true","","需要核对帛书乙本原始图版、高清摹本或权威释文。","review-required"
"addition","29","73","1","7","为","为","received-text-contamination","false","","当前校补与传世参照对齐，但仓库没有可逐字验证的甲本释文或乙本图版证据，无法证明它不是由传世本回填；保留原字并进入图版复核队列。","silkA | receivedReference","true","","需要核对帛书乙本原始图版、高清摹本或权威释文。","review-required"
"addition","29","73","1","8","之","之","received-text-contamination","false","","当前校补与传世参照对齐，但仓库没有可逐字验证的甲本释文或乙本图版证据，无法证明它不是由传世本回填；保留原字并进入图版复核队列。","silkA | receivedReference","true","","需要核对帛书乙本原始图版、高清摹本或权威释文。","review-required"
"addition","29","73","1","9","吾","吾","received-text-contamination","false","","当前校补与传世参照对齐，但仓库没有可逐字验证的甲本释文或乙本图版证据，无法证明它不是由传世本回填；保留原字并进入图版复核队列。","silkA | receivedReference","true","","需要核对帛书乙本原始图版、高清摹本或权威释文。","review-required"
"addition","29","73","1","10","见","见","received-text-contamination","false","","当前校补与传世参照对齐，但仓库没有可逐字验证的甲本释文或乙本图版证据，无法证明它不是由传世本回填；保留原字并进入图版复核队列。","silkA | receivedReference","true","","需要核对帛书乙本原始图版、高清摹本或权威释文。","review-required"
"addition","29","73","1","11","其","其","received-text-contamination","false","","当前校补与传世参照对齐，但仓库没有可逐字验证的甲本释文或乙本图版证据，无法证明它不是由传世本回填；保留原字并进入图版复核队列。","silkA | receivedReference","true","","需要核对帛书乙本原始图版、高清摹本或权威释文。","review-required"
"addition","29","73","1","12","弗","弗","conflicting-witnesses","false","","当前校补“弗”与传世参照对齐字“不”不同；仓库没有足够逐字证据裁决，不能自动择一。","silkA | receivedReference","true","不","需要核对帛书乙本原始图版、高清摹本或权威释文。","review-required"
"addition","29","73","4","1","物","物","received-text-contamination","false","","当前校补与传世参照对齐，但仓库没有可逐字验证的甲本释文或乙本图版证据，无法证明它不是由传世本回填；保留原字并进入图版复核队列。","silkA | receivedReference","true","","需要核对帛书乙本原始图版、高清摹本或权威释文。","review-required"
"addition","29","73","4","2","或","或","received-text-contamination","false","","当前校补与传世参照对齐，但仓库没有可逐字验证的甲本释文或乙本图版证据，无法证明它不是由传世本回填；保留原字并进入图版复核队列。","silkA | receivedReference","true","","需要核对帛书乙本原始图版、高清摹本或权威释文。","review-required"
"addition","29","73","4","3","行","行","received-text-contamination","false","","当前校补与传世参照对齐，但仓库没有可逐字验证的甲本释文或乙本图版证据，无法证明它不是由传世本回填；保留原字并进入图版复核队列。","silkA | receivedReference","true","","需要核对帛书乙本原始图版、高清摹本或权威释文。","review-required"
"addition","29","73","4","4","或","或","received-text-contamination","false","","当前校补与传世参照对齐，但仓库没有可逐字验证的甲本释文或乙本图版证据，无法证明它不是由传世本回填；保留原字并进入图版复核队列。","silkA | receivedReference","true","","需要核对帛书乙本原始图版、高清摹本或权威释文。","review-required"
"addition","30","74","1","14","事","事","received-text-contamination","false","","当前校补与传世参照对齐，但仓库没有可逐字验证的甲本释文或乙本图版证据，无法证明它不是由传世本回填；保留原字并进入图版复核队列。","silkA | receivedReference","true","","需要核对帛书乙本原始图版、高清摹本或权威释文。","review-required"
"addition","30","74","1","15","好","好","received-text-contamination","false","","当前校补与传世参照对齐，但仓库没有可逐字验证的甲本释文或乙本图版证据，无法证明它不是由传世本回填；保留原字并进入图版复核队列。","silkA | receivedReference","true","","需要核对帛书乙本原始图版、高清摹本或权威释文。","review-required"
"addition","30","74","1","16","还","还","received-text-contamination","false","","当前校补与传世参照对齐，但仓库没有可逐字验证的甲本释文或乙本图版证据，无法证明它不是由传世本回填；保留原字并进入图版复核队列。","silkA | receivedReference","true","","需要核对帛书乙本原始图版、高清摹本或权威释文。","review-required"
"addition","30","74","2","1","师","师","received-text-contamination","false","","当前校补与传世参照对齐，但仓库没有可逐字验证的甲本释文或乙本图版证据，无法证明它不是由传世本回填；保留原字并进入图版复核队列。","silkA | receivedReference","true","","需要核对帛书乙本原始图版、高清摹本或权威释文。","review-required"
"addition","30","74","2","2","之","之","received-text-contamination","false","","当前校补与传世参照对齐，但仓库没有可逐字验证的甲本释文或乙本图版证据，无法证明它不是由传世本回填；保留原字并进入图版复核队列。","silkA | receivedReference","true","","需要核对帛书乙本原始图版、高清摹本或权威释文。","review-required"
"addition","30","74","2","3","所","所","received-text-contamination","false","","当前校补与传世参照对齐，但仓库没有可逐字验证的甲本释文或乙本图版证据，无法证明它不是由传世本回填；保留原字并进入图版复核队列。","silkA | receivedReference","true","","需要核对帛书乙本原始图版、高清摹本或权威释文。","review-required"
"addition","30","74","2","4","居","居","conflicting-witnesses","false","","当前校补“居”与传世参照对齐字“处”不同；仓库没有足够逐字证据裁决，不能自动择一。","silkA | receivedReference","true","处","需要核对帛书乙本原始图版、高清摹本或权威释文。","review-required"
"addition","30","74","2","5","楚","楚","conflicting-witnesses","false","","当前校补“楚”与传世参照对齐字“荆”不同；仓库没有足够逐字证据裁决，不能自动择一。","silkA | receivedReference","true","荆","需要核对帛书乙本原始图版、高清摹本或权威释文。","review-required"
"addition","30","74","4","10","而","而","received-text-contamination","false","","当前校补与传世参照对齐，但仓库没有可逐字验证的甲本释文或乙本图版证据，无法证明它不是由传世本回填；保留原字并进入图版复核队列。","silkA | receivedReference","true","","需要核对帛书乙本原始图版、高清摹本或权威释文。","review-required"
"addition","30","74","4","11","毋","毋","conflicting-witnesses","false","","当前校补“毋”与传世参照对齐字“勿”不同；仓库没有足够逐字证据裁决，不能自动择一。","silkA | receivedReference","true","勿","需要核对帛书乙本原始图版、高清摹本或权威释文。","review-required"
"addition","30","74","4","23","不","不","conflicting-witnesses","false","","当前校补“不”与传世参照对齐字“勿”不同；仓库没有足够逐字证据裁决，不能自动择一。","silkA | receivedReference","true","勿","需要核对帛书乙本原始图版、高清摹本或权威释文。","review-required"
"addition","30","74","5","5","是","是","received-text-contamination","false","","当前校补与传世参照对齐，但仓库没有可逐字验证的甲本释文或乙本图版证据，无法证明它不是由传世本回填；保留原字并进入图版复核队列。","silkA | receivedReference","true","","需要核对帛书乙本原始图版、高清摹本或权威释文。","review-required"
"addition","31","75","2","4","之","之","received-text-contamination","false","","当前校补与传世参照对齐，但仓库没有可逐字验证的甲本释文或乙本图版证据，无法证明它不是由传世本回填；保留原字并进入图版复核队列。","silkA | receivedReference","true","","需要核对帛书乙本原始图版、高清摹本或权威释文。","review-required"
"addition","31","75","2","5","故","故","received-text-contamination","false","","当前校补与传世参照对齐，但仓库没有可逐字验证的甲本释文或乙本图版证据，无法证明它不是由传世本回填；保留原字并进入图版复核队列。","silkA | receivedReference","true","","需要核对帛书乙本原始图版、高清摹本或权威释文。","review-required"
"addition","31","75","2","6","有","有","received-text-contamination","false","","当前校补与传世参照对齐，但仓库没有可逐字验证的甲本释文或乙本图版证据，无法证明它不是由传世本回填；保留原字并进入图版复核队列。","silkA | receivedReference","true","","需要核对帛书乙本原始图版、高清摹本或权威释文。","review-required"
"addition","31","75","2","7","欲","欲","conflicting-witnesses","false","","当前校补“欲”与传世参照对齐字“道”不同；仓库没有足够逐字证据裁决，不能自动择一。","silkA | receivedReference","true","道","需要核对帛书乙本原始图版、高清摹本或权威释文。","review-required"
"addition","31","75","2","8","者","者","received-text-contamination","false","","当前校补与传世参照对齐，但仓库没有可逐字验证的甲本释文或乙本图版证据，无法证明它不是由传世本回填；保留原字并进入图版复核队列。","silkA | receivedReference","true","","需要核对帛书乙本原始图版、高清摹本或权威释文。","review-required"
"addition","31","75","2","9","弗","弗","conflicting-witnesses","false","","当前校补“弗”与传世参照对齐字“不”不同；仓库没有足够逐字证据裁决，不能自动择一。","silkA | receivedReference","true","不","需要核对帛书乙本原始图版、高清摹本或权威释文。","review-required"
"addition","31","75","2","10","居","居","conflicting-witnesses","false","","当前校补“居”与传世参照对齐字“处”不同；仓库没有足够逐字证据裁决，不能自动择一。","silkA | receivedReference","true","处","需要核对帛书乙本原始图版、高清摹本或权威释文。","review-required"
"addition","31","75","3","1","君","君","received-text-contamination","false","","当前校补与传世参照对齐，但仓库没有可逐字验证的甲本释文或乙本图版证据，无法证明它不是由传世本回填；保留原字并进入图版复核队列。","silkA | receivedReference","true","","需要核对帛书乙本原始图版、高清摹本或权威释文。","review-required"
"addition","31","75","3","20","也","也","conflicting-witnesses","false","","当前校补“也”与传世参照对齐字“非”不同；仓库没有足够逐字证据裁决，不能自动择一。","silkA | receivedReference","true","非","需要核对帛书乙本原始图版、高清摹本或权威释文。","review-required"
"addition","31","75","4","5","之","之","received-text-contamination","false","","当前校补与传世参照对齐，但仓库没有可逐字验证的甲本释文或乙本图版证据，无法证明它不是由传世本回填；保留原字并进入图版复核队列。","silkA | receivedReference","true","","需要核对帛书乙本原始图版、高清摹本或权威释文。","review-required"
"addition","31","75","7","5","上","上","conflicting-witnesses","false","","当前校补“上”与传世参照对齐字“尚”不同；仓库没有足够逐字证据裁决，不能自动择一。","silkA | receivedReference","true","尚","需要核对帛书乙本原始图版、高清摹本或权威释文。","review-required"
"addition","31","75","7","6","左","左","received-text-contamination","false","","当前校补与传世参照对齐，但仓库没有可逐字验证的甲本释文或乙本图版证据，无法证明它不是由传世本回填；保留原字并进入图版复核队列。","silkA | receivedReference","true","","需要核对帛书乙本原始图版、高清摹本或权威释文。","review-required"
"addition","31","75","7","7","丧","丧","conflicting-witnesses","false","","当前校补“丧”与传世参照对齐字“凶”不同；仓库没有足够逐字证据裁决，不能自动择一。","silkA | receivedReference","true","凶","需要核对帛书乙本原始图版、高清摹本或权威释文。","review-required"
"addition","31","75","7","8","事","事","received-text-contamination","false","","当前校补与传世参照对齐，但仓库没有可逐字验证的甲本释文或乙本图版证据，无法证明它不是由传世本回填；保留原字并进入图版复核队列。","silkA | receivedReference","true","","需要核对帛书乙本原始图版、高清摹本或权威释文。","review-required"
"addition","31","75","7","9","上","上","conflicting-witnesses","false","","当前校补“上”与传世参照对齐字“尚”不同；仓库没有足够逐字证据裁决，不能自动择一。","silkA | receivedReference","true","尚","需要核对帛书乙本原始图版、高清摹本或权威释文。","review-required"
"addition","31","75","7","10","右","右","received-text-contamination","false","","当前校补与传世参照对齐，但仓库没有可逐字验证的甲本释文或乙本图版证据，无法证明它不是由传世本回填；保留原字并进入图版复核队列。","silkA | receivedReference","true","","需要核对帛书乙本原始图版、高清摹本或权威释文。","review-required"
"addition","31","75","10","1","杀","杀","received-text-contamination","false","","当前校补与传世参照对齐，但仓库没有可逐字验证的甲本释文或乙本图版证据，无法证明它不是由传世本回填；保留原字并进入图版复核队列。","silkA | receivedReference","true","","需要核对帛书乙本原始图版、高清摹本或权威释文。","review-required"
"addition","31","75","10","2","人","人","received-text-contamination","false","","当前校补与传世参照对齐，但仓库没有可逐字验证的甲本释文或乙本图版证据，无法证明它不是由传世本回填；保留原字并进入图版复核队列。","silkA | receivedReference","true","","需要核对帛书乙本原始图版、高清摹本或权威释文。","review-required"
"addition","31","75","10","3","众","众","received-text-contamination","false","","当前校补与传世参照对齐，但仓库没有可逐字验证的甲本释文或乙本图版证据，无法证明它不是由传世本回填；保留原字并进入图版复核队列。","silkA | receivedReference","true","","需要核对帛书乙本原始图版、高清摹本或权威释文。","review-required"
"addition","31","75","10","4","以","以","received-text-contamination","false","","当前校补与传世参照对齐，但仓库没有可逐字验证的甲本释文或乙本图版证据，无法证明它不是由传世本回填；保留原字并进入图版复核队列。","silkA | receivedReference","true","","需要核对帛书乙本原始图版、高清摹本或权威释文。","review-required"
"addition","31","75","10","5","悲","悲","received-text-contamination","false","","当前校补与传世参照对齐，但仓库没有可逐字验证的甲本释文或乙本图版证据，无法证明它不是由传世本回填；保留原字并进入图版复核队列。","silkA | receivedReference","true","","需要核对帛书乙本原始图版、高清摹本或权威释文。","review-required"
"addition","31","75","10","7","莅","莅","conflicting-witnesses","false","","当前校补“莅”与传世参照对齐字“泣”不同；仓库没有足够逐字证据裁决，不能自动择一。","silkA | receivedReference","true","泣","需要核对帛书乙本原始图版、高清摹本或权威释文。","review-required"
"addition","31","75","10","8","之","之","received-text-contamination","false","","当前校补与传世参照对齐，但仓库没有可逐字验证的甲本释文或乙本图版证据，无法证明它不是由传世本回填；保留原字并进入图版复核队列。","silkA | receivedReference","true","","需要核对帛书乙本原始图版、高清摹本或权威释文。","review-required"
"addition","32","76","3","9","民","民","received-text-contamination","false","","当前校补与传世参照对齐，但仓库没有可逐字验证的甲本释文或乙本图版证据，无法证明它不是由传世本回填；保留原字并进入图版复核队列。","silkA | receivedReference","true","","需要核对帛书乙本原始图版、高清摹本或权威释文。","review-required"
"addition","32","76","3","10","莫","莫","received-text-contamination","false","","当前校补与传世参照对齐，但仓库没有可逐字验证的甲本释文或乙本图版证据，无法证明它不是由传世本回填；保留原字并进入图版复核队列。","silkA | receivedReference","true","","需要核对帛书乙本原始图版、高清摹本或权威释文。","review-required"
"addition","32","76","3","11","之","之","received-text-contamination","false","","当前校补与传世参照对齐，但仓库没有可逐字验证的甲本释文或乙本图版证据，无法证明它不是由传世本回填；保留原字并进入图版复核队列。","silkA | receivedReference","true","","需要核对帛书乙本原始图版、高清摹本或权威释文。","review-required"
"addition","32","76","5","2","道","道","received-text-contamination","false","","当前校补与传世参照对齐，但仓库没有可逐字验证的甲本释文或乙本图版证据，无法证明它不是由传世本回填；保留原字并进入图版复核队列。","silkA | receivedReference","true","","需要核对帛书乙本原始图版、高清摹本或权威释文。","review-required"
"addition","32","76","5","3","之","之","received-text-contamination","false","","当前校补与传世参照对齐，但仓库没有可逐字验证的甲本释文或乙本图版证据，无法证明它不是由传世本回填；保留原字并进入图版复核队列。","silkA | receivedReference","true","","需要核对帛书乙本原始图版、高清摹本或权威释文。","review-required"
"addition","33","77","2","3","者","者","received-text-contamination","false","","当前校补与传世参照对齐，但仓库没有可逐字验证的甲本释文或乙本图版证据，无法证明它不是由传世本回填；保留原字并进入图版复核队列。","silkA | receivedReference","true","","需要核对帛书乙本原始图版、高清摹本或权威释文。","review-required"
"addition","34","78","2","4","事","事","conflicting-witnesses","false","","当前校补“事”与传世参照对齐字“成”不同；仓库没有足够逐字证据裁决，不能自动择一。","silkA | receivedReference","true","成","需要核对帛书乙本原始图版、高清摹本或权威释文。","review-required"
"addition","34","78","2","5","而","而","received-text-contamination","false","","当前校补与传世参照对齐，但仓库没有可逐字验证的甲本释文或乙本图版证据，无法证明它不是由传世本回填；保留原字并进入图版复核队列。","silkA | receivedReference","true","","需要核对帛书乙本原始图版、高清摹本或权威释文。","review-required"
"addition","35","79","3","3","饵","饵","received-text-contamination","false","","当前校补与传世参照对齐，但仓库没有可逐字验证的甲本释文或乙本图版证据，无法证明它不是由传世本回填；保留原字并进入图版复核队列。","silkA | receivedReference","true","","需要核对帛书乙本原始图版、高清摹本或权威释文。","review-required"
"addition","36","80","2","6","固","固","received-text-contamination","false","","当前校补与传世参照对齐，但仓库没有可逐字验证的甲本释文或乙本图版证据，无法证明它不是由传世本回填；保留原字并进入图版复核队列。","silkA | receivedReference","true","","需要核对帛书乙本原始图版、高清摹本或权威释文。","review-required"
"addition","36","80","4","8","之","之","received-text-contamination","false","","当前校补与传世参照对齐，但仓库没有可逐字验证的甲本释文或乙本图版证据，无法证明它不是由传世本回填；保留原字并进入图版复核队列。","silkA | receivedReference","true","","需要核对帛书乙本原始图版、高清摹本或权威释文。","review-required"
"visible-reading","16","60","1","6","情表","静督","clear-transcription-fix","true","zh.reconstructedVerse | zh.pinyin | zh.title | zh.variant | en.variant | sources.reconstructionNotes | src/data/sources.json | scripts/build-chapter-data.mjs","当前校读把乙本可见的“靜督”误作甲本式“情表”；这是跨见证误植，不是缺损异文选择。保留乙本用字“督”，不采用传世本“笃”。","silkBTranscription | Chinese Text Project | Fudan excavated-text scholarship","true","情表（甲本式） | 静笃（传世校读）","乙本转写与可追溯释文一致支持“静督”；仍未在本轮核对原始帛书图版。",""
